participant,trial,reachdev
exp001,1,20.3630805391928
exp001,2,27.262286669268
exp001,3,16.0771120432992
exp001,4,33.586861084457
exp001,5,16.2523790979333
exp001,6,9.34427627603269
exp001,7,20.3392767800896
exp001,8,30.4307946771943
exp001,9,22.0998518157783
exp001,10,21.352428711715
exp001,11,12.4272958487226
exp001,12,17.9959168782315
exp001,13,38.1624044401534
exp001,14,23.4148511697096
exp001,15,7.13096357014226
exp001,16,14.5046266815543
exp001,17,29.157684287208
exp001,18,27.328182405022
exp001,19,10.1487339485728
exp001,20,26.9214752431671
exp001,21,17.7369019073669
exp001,22,12.933855453862
exp001,23,31.1011348470919
exp001,24,21.0322075848251
exp001,25,16.4507705295097
exp001,26,32.6785797104629
exp001,27,26.3913402283333
exp001,28,34.8085643059602
exp001,29,10.979952244837
exp001,30,24.9284060967521
exp001,31,23.2192370555041
exp001,32,13.969390984986
exp001,33,29.2156843910291
exp001,34,6.39404709780946
exp001,35,34.0772377540761
exp001,36,27.4494444980626
exp001,37,27.0855764701254
exp001,38,30.753815127335
exp001,39,15.672584797045
exp001,40,5.2434724697612
exp001,41,27.9310007828506
exp001,42,28.1986127928744
exp001,43,33.751804067829
exp001,44,21.0739570757075
exp001,45,26.9140634303737
exp001,46,21.8721214916269
exp001,47,21.4602743110356
exp001,48,36.8342547636801
exp001,49,31.1727229703138
exp001,50,21.5811627315795
exp001,51,23.8739017403829
exp001,52,29.1992415080721
exp001,53,24.6458996246819
exp001,54,29.295050644263
exp001,55,28.2322953648075
exp001,56,32.8453361777959
exp001,57,20.1338358028151
exp001,58,34.1183055266857
exp001,59,22.4385436217693
exp001,60,36.7765147807558
exp001,61,35.6604664148518
exp001,62,31.6806801413857
exp001,63,14.1862546556398
exp001,64,41.9956201127424
exp001,65,28.250670911755
exp001,66,19.8458709319604
exp001,67,16.4450648314138
exp001,68,31.3700023761259
exp001,69,24.0300206249507
exp001,70,15.2413760430225
exp001,71,24.7489817022348
exp001,72,23.1712490896059
exp001,73,23.3756270538881
exp001,74,18.8679223930111
exp001,75,28.5684594511347
exp001,76,27.8550342818465
exp001,77,11.2458841476247
exp001,78,28.8139809194404
exp001,79,15.6956282919664
exp001,80,32.6511846513229
exp001,81,35.7622456767582
exp001,82,-10.8136763439565
exp001,83,30.0308238840499
exp001,84,28.8738217741149
exp001,85,30.7608461029635
exp001,86,21.3985118896833
exp001,87,31.6831911017479
exp001,88,22.6692253482522
exp001,89,28.1120470053351
exp001,90,23.3945913886722
exp002,1,27.3311818170876
exp002,2,5.77733481890265
exp002,3,13.0081812800819
exp002,4,12.8759873152549
exp002,5,20.5235133659123
exp002,6,11.6261951082255
exp002,7,19.784522808927
exp002,8,17.811726754527
exp002,9,16.8361439273413
exp002,10,27.2057123384236
exp002,11,26.331569532011
exp002,12,25.8209241687647
exp002,13,43.6712778014503
exp002,14,13.6039680201806
exp002,15,26.0055655855246
exp002,16,29.3007577544628
exp002,17,30.137928417475
exp002,18,NA
exp002,19,11.7496836505614
exp002,20,29.6396547169056
exp002,21,88.9780107410119
exp002,22,NA
exp002,23,6.48650747064061
exp002,24,30.3936077335338
exp002,25,36.9121984102056
exp002,26,36.8404259667476
exp002,27,22.0467078723922
exp002,28,4.07524636515463
exp002,29,25.051697900883
exp002,30,42.6034042618158
exp002,31,18.9305678054269
exp002,32,26.2975958931021
exp002,33,29.9000953874165
exp002,34,13.7483537620322
exp002,35,19.6878254984066
exp002,36,46.9477977345275
exp002,37,21.7523536095605
exp002,38,27.7471422716398
exp002,39,NA
exp002,40,NA
exp002,41,33.5345570755524
exp002,42,27.9475381601218
exp002,43,44.0868423886302
exp002,44,24.2849514627938
exp002,45,31.8135199850746
exp002,46,38.1190586814862
exp002,47,34.8258223208947
exp002,48,16.6089850316443
exp002,49,15.2195664818394
exp002,50,NA
exp002,51,32.2162633001475
exp002,52,20.6847753111275
exp002,53,39.2838598644798
exp002,54,36.4830604163007
exp002,55,47.0873139069274
exp002,56,18.2113997079136
exp002,57,30.2860273165447
exp002,58,5.99486598469357
exp002,59,39.5255630195805
exp002,60,27.1875801163241
exp002,61,23.714787115499
exp002,62,NA
exp002,63,32.4676308722883
exp002,64,39.1161210806941
exp002,65,10.0346653261883
exp002,66,NA
exp002,67,9.28283514336507
exp002,68,35.0048448989664
exp002,69,42.5792788373252
exp002,70,42.373478466869
exp002,71,42.9034470512819
exp002,72,9.73780171572701
exp002,73,NA
exp002,74,36.1696548786702
exp002,75,12.8326790676653
exp002,76,NA
exp002,77,33.8439700564368
exp002,78,24.1923501652595
exp002,79,NA
exp002,80,36.1689476597795
exp002,81,NA
exp002,82,33.77029869779
exp002,83,10.2149089741974
exp002,84,28.9528788790266
exp002,85,NA
exp002,86,30.416682021214
exp002,87,1.44988773705245
exp002,88,34.6406076692191
exp002,89,13.9169993473826
exp002,90,NA
exp003,1,NA
exp003,2,23.524511102385
exp003,3,25.901767374243
exp003,4,24.6302788091968
exp003,5,15.2188728857794
exp003,6,NA
exp003,7,27.71693865696
exp003,8,10.3422977979366
exp003,9,15.1827084408158
exp003,10,43.6523442050447
exp003,11,40.3649916019731
exp003,12,12.5718430933373
exp003,13,22.7905474751537
exp003,14,39.2272975056079
exp003,15,21.0909657391475
exp003,16,21.8363229976467
exp003,17,24.0213909487303
exp003,18,24.4220497650523
exp003,19,19.1552958303617
exp003,20,10.1692130376132
exp003,21,34.0072416033788
exp003,22,58.2925810696326
exp003,23,27.199056529392
exp003,24,13.8164506733133
exp003,25,26.4360247765927
exp003,26,19.4130312175193
exp003,27,13.8401093169869
exp003,28,11.5677340413092
exp003,29,23.566820626607
exp003,30,15.6879572454314
exp003,31,25.7439597057295
exp003,32,17.2365509467594
exp003,33,22.1222881332557
exp003,34,31.9756814299416
exp003,35,37.2176227618307
exp003,36,18.6513316073679
exp003,37,16.287249971186
exp003,38,26.7619771133607
exp003,39,14.6193415182435
exp003,40,31.4581202015243
exp003,41,34.3219189903848
exp003,42,17.8087033362539
exp003,43,23.2965133834057
exp003,44,19.4859299377275
exp003,45,43.3719192630094
exp003,46,16.9968785111479
exp003,47,18.0278609473042
exp003,48,23.8263865344286
exp003,49,29.2222155167479
exp003,50,28.9396223587676
exp003,51,24.2283010486761
exp003,52,26.7559964290347
exp003,53,30.1391798414758
exp003,54,29.4798908565174
exp003,55,21.0725365865501
exp003,56,11.8833056840561
exp003,57,31.053967073716
exp003,58,24.6079048717416
exp003,59,18.3204037550136
exp003,60,42.8071114818371
exp003,61,19.6520701365677
exp003,62,15.1756187222819
exp003,63,25.9519645808391
exp003,64,13.055990912989
exp003,65,27.2956377229238
exp003,66,14.9862597350852
exp003,67,25.9668751379803
exp003,68,19.2048243196878
exp003,69,18.6664663930965
exp003,70,27.7540770708449
exp003,71,23.2736023429255
exp003,72,23.3878176451081
exp003,73,21.9009992859759
exp003,74,21.5469430574688
exp003,75,25.8808319993073
exp003,76,27.8860568177641
exp003,77,13.5475392467191
exp003,78,16.398684738085
exp003,79,22.5072413535149
exp003,80,39.9277221206126
exp003,81,30.0884149583114
exp003,82,15.8050882123973
exp003,83,26.9481821823183
exp003,84,18.8075686418269
exp003,85,30.295618520151
exp003,86,30.1181966856548
exp003,87,35.400279790318
exp003,88,15.4000094254887
exp003,89,16.962214996729
exp003,90,29.7696063326092
exp004,1,NA
exp004,2,NA
exp004,3,35.3707838107923
exp004,4,22.915616285615
exp004,5,12.3215283443901
exp004,6,11.4929025737961
exp004,7,13.8181722562877
exp004,8,10.2386912379545
exp004,9,10.5127539544769
exp004,10,24.0183009181984
exp004,11,17.8576480516461
exp004,12,15.4484041247126
exp004,13,20.1128838906766
exp004,14,21.2328898217489
exp004,15,15.0564859817207
exp004,16,16.4088695965158
exp004,17,15.1984542161971
exp004,18,19.3943802646473
exp004,19,20.532881779297
exp004,20,19.4869889615864
exp004,21,24.2337635856243
exp004,22,11.5487556193338
exp004,23,24.2343103433478
exp004,24,24.8683843530754
exp004,25,30.5784625445355
exp004,26,27.5420647585815
exp004,27,16.1828262668935
exp004,28,25.2540416605727
exp004,29,22.5816782189032
exp004,30,19.6963049957612
exp004,31,21.7896880889524
exp004,32,26.7942242067153
exp004,33,26.1353438294381
exp004,34,31.6943253237119
exp004,35,30.5958520811286
exp004,36,15.4097886736963
exp004,37,28.8401481154165
exp004,38,30.1611155996554
exp004,39,18.525190841631
exp004,40,25.1058910540394
exp004,41,23.7884679950781
exp004,42,24.6020819748507
exp004,43,32.9736852570396
exp004,44,10.8844843436586
exp004,45,34.9854778217568
exp004,46,17.740841224769
exp004,47,27.28348788923
exp004,48,27.518772200264
exp004,49,35.5249134625969
exp004,50,17.3610550729822
exp004,51,20.7911389825839
exp004,52,29.8558467217771
exp004,53,28.6686335208811
exp004,54,21.9786779433686
exp004,55,35.5953438386537
exp004,56,25.593082151555
exp004,57,29.0894795043694
exp004,58,18.5079587606733
exp004,59,31.369835557805
exp004,60,27.2242691394329
exp004,61,37.6241828930402
exp004,62,16.4803979966852
exp004,63,20.267921316516
exp004,64,26.8364178100699
exp004,65,26.5309399255188
exp004,66,34.2337336187213
exp004,67,25.9470422446868
exp004,68,31.8739090383627
exp004,69,19.2494700360381
exp004,70,18.4713051266812
exp004,71,24.0611543983715
exp004,72,29.2593736620996
exp004,73,27.6577970586658
exp004,74,20.6457544082654
exp004,75,21.296546291509
exp004,76,39.6268337176094
exp004,77,23.7186797772871
exp004,78,22.2079809229104
exp004,79,23.2014003714781
exp004,80,31.3095487733956
exp004,81,26.4868791829458
exp004,82,20.0829257477199
exp004,83,29.4953720586325
exp004,84,29.2506622827607
exp004,85,25.0492587306129
exp004,86,31.5660568485137
exp004,87,14.1372258940527
exp004,88,33.0671272056091
exp004,89,19.6017036855062
exp004,90,23.5326241906637
exp005,1,NA
exp005,2,30.8246773296456
exp005,3,30.5391836421761
exp005,4,19.1021872134875
exp005,5,10.4818851977286
exp005,6,26.1692570795198
exp005,7,22.4384901285007
exp005,8,19.5196492633217
exp005,9,8.42657065603682
exp005,10,18.5598220670972
exp005,11,14.8206402843606
exp005,12,23.4798878253332
exp005,13,10.9245818596248
exp005,14,22.6602820335427
exp005,15,41.5672871476872
exp005,16,15.4218895619418
exp005,17,9.06706378747696
exp005,18,12.8730891922537
exp005,19,28.2330855399217
exp005,20,14.6462191571185
exp005,21,18.2115288875383
exp005,22,14.5881427821504
exp005,23,18.0227093101546
exp005,24,20.5404005952349
exp005,25,10.7908917100936
exp005,26,23.0334691596117
exp005,27,24.5965712809323
exp005,28,20.6213980870854
exp005,29,37.6619276108871
exp005,30,20.1839435539824
exp005,31,24.7636747307948
exp005,32,15.4839363252333
exp005,33,10.0484071616171
exp005,34,26.3925905277476
exp005,35,25.2266217275911
exp005,36,14.4162138705575
exp005,37,6.283821571723
exp005,38,21.4190763436458
exp005,39,33.4045812753129
exp005,40,34.3109432274412
exp005,41,11.9086484720586
exp005,42,26.3389203144286
exp005,43,24.241845988158
exp005,44,6.28181420238912
exp005,45,18.6405498117788
exp005,46,8.49350902702768
exp005,47,20.1305844104432
exp005,48,29.3480338112697
exp005,49,34.9669607385486
exp005,50,22.6689776511699
exp005,51,15.6132144531227
exp005,52,20.3619330255199
exp005,53,16.0549341885581
exp005,54,8.30899789603131
exp005,55,22.0741293046568
exp005,56,20.750811427701
exp005,57,15.2132727168336
exp005,58,22.906888154486
exp005,59,10.8416413682678
exp005,60,26.8770456477798
exp005,61,21.5499217290941
exp005,62,15.5640100320706
exp005,63,17.6705682929562
exp005,64,15.50239823683
exp005,65,38.2181121614114
exp005,66,22.0216283699651
exp005,67,38.2384107191171
exp005,68,28.5953500577047
exp005,69,8.28344436838363
exp005,70,25.9435963354717
exp005,71,31.0516414739901
exp005,72,17.4143995235002
exp005,73,22.749945813837
exp005,74,13.2894244657239
exp005,75,16.0203907947876
exp005,76,30.0244543244129
exp005,77,19.6691601875523
exp005,78,23.4342925715141
exp005,79,22.4033724697587
exp005,80,19.9124862511335
exp005,81,30.4539056982959
exp005,82,25.4657322005587
exp005,83,21.6404389511997
exp005,84,31.7074240498633
exp005,85,22.9607341105456
exp005,86,23.5450043923422
exp005,87,21.8841718948111
exp005,88,5.56058108357943
exp005,89,24.6260776608436
exp005,90,28.0279676390883
exp006,1,NA
exp006,2,7.57947626981678
exp006,3,-3.85218212869022
exp006,4,11.2020029631543
exp006,5,10.5186487715145
exp006,6,31.9643313264123
exp006,7,17.2809712703594
exp006,8,13.2327595462472
exp006,9,15.6523641132425
exp006,10,11.9556927604327
exp006,11,19.8512836020556
exp006,12,15.1724167878376
exp006,13,6.08667646397913
exp006,14,20.5302791400871
exp006,15,15.1572332364967
exp006,16,21.2792287305066
exp006,17,11.4699365847979
exp006,18,19.8791561776406
exp006,19,18.2086557412348
exp006,20,26.3171186900081
exp006,21,19.7390985115042
exp006,22,18.1114943005263
exp006,23,21.0803451527961
exp006,24,28.6986243203786
exp006,25,7.63285199651684
exp006,26,26.7356170357774
exp006,27,14.5466175304799
exp006,28,17.9782451938112
exp006,29,28.8966212877718
exp006,30,15.7156853923385
exp006,31,20.6641411744579
exp006,32,12.6401297873829
exp006,33,16.6098833434499
exp006,34,34.0944397054433
exp006,35,14.6402595607966
exp006,36,26.3034098139238
exp006,37,22.2124391040795
exp006,38,24.4578110161429
exp006,39,20.5840283022655
exp006,40,24.320021998069
exp006,41,26.6668149226363
exp006,42,8.64886563887992
exp006,43,25.7110917854116
exp006,44,14.0804587225878
exp006,45,23.1099010204318
exp006,46,30.1212061190606
exp006,47,17.126633017705
exp006,48,19.3697244676808
exp006,49,26.8045142679425
exp006,50,19.0330282156951
exp006,51,18.5233661056578
exp006,52,24.1250577063321
exp006,53,26.3683782374806
exp006,54,32.9665533986954
exp006,55,25.8615412894285
exp006,56,19.3121565467037
exp006,57,17.5684338226994
exp006,58,22.8944995406672
exp006,59,21.884659694536
exp006,60,20.1472465758094
exp006,61,26.6006846208453
exp006,62,0.0314794654828194
exp006,63,19.3587582024989
exp006,64,20.601066716093
exp006,65,23.1582155543113
exp006,66,18.1729007126842
exp006,67,21.3251274275955
exp006,68,24.7018640016922
exp006,69,13.6324596350918
exp006,70,21.9371102886806
exp006,71,25.3096722894854
exp006,72,15.7359010931945
exp006,73,26.3466625809837
exp006,74,20.2488391644567
exp006,75,27.8334158204111
exp006,76,24.1476959035507
exp006,77,24.2441143799225
exp006,78,26.4514825786507
exp006,79,19.2798449472612
exp006,80,16.2969416046273
exp006,81,22.4524618079213
exp006,82,19.1042555936662
exp006,83,33.0440229795184
exp006,84,32.2699698496664
exp006,85,25.9779479008379
exp006,86,21.4467718802415
exp006,87,24.2284513324658
exp006,88,21.6762093199785
exp006,89,18.8598491849922
exp006,90,21.9864862490217
exp007,1,26.1796606553164
exp007,2,-1.46676466470571
exp007,3,27.9048276811198
exp007,4,20.0288617503571
exp007,5,5.68937218886815
exp007,6,16.2431161197305
exp007,7,28.8163611002041
exp007,8,17.0931729299274
exp007,9,20.3063818055242
exp007,10,6.07655285960313
exp007,11,25.003598585625
exp007,12,26.6240446256143
exp007,13,24.9655067348039
exp007,14,13.5199759870155
exp007,15,28.7746631502714
exp007,16,7.08999859921548
exp007,17,33.5805299981534
exp007,18,90.8566349290909
exp007,19,3.72019717570914
exp007,20,24.4728342073164
exp007,21,25.5887465250947
exp007,22,25.6004269150708
exp007,23,26.0081776985885
exp007,24,5.26127646130579
exp007,25,24.919811186857
exp007,26,16.4738160516235
exp007,27,27.9545298842061
exp007,28,54.5138403170185
exp007,29,-10.3575519328339
exp007,30,18.7412298997947
exp007,31,21.4994112904848
exp007,32,28.6432796670604
exp007,33,26.6813327904729
exp007,34,16.7768150309112
exp007,35,11.6045793508907
exp007,36,31.5653372585834
exp007,37,24.6872292649427
exp007,38,14.5534874002228
exp007,39,37.7834296376836
exp007,40,13.2351125066809
exp007,41,41.0392277270382
exp007,42,15.0643593250355
exp007,43,17.2537393834718
exp007,44,24.0416079399009
exp007,45,23.9359024522272
exp007,46,16.1343331088331
exp007,47,17.7907844099625
exp007,48,20.6069406851812
exp007,49,14.4247012609841
exp007,50,36.6780063167164
exp007,51,55.5432060368158
exp007,52,39.9001318498037
exp007,53,13.1561149397295
exp007,54,11.4718543078012
exp007,55,3.92022506948734
exp007,56,25.9628629103578
exp007,57,23.5772280628881
exp007,58,38.6559757632214
exp007,59,47.5987898658377
exp007,60,3.26493851434298
exp007,61,41.3996212104312
exp007,62,5.55623849980385
exp007,63,24.9592692328777
exp007,64,22.8237271846744
exp007,65,9.12364612884581
exp007,66,21.8715022172101
exp007,67,44.1094459460857
exp007,68,7.68833014958572
exp007,69,28.8962936923879
exp007,70,-27.3718150908164
exp007,71,43.5654870916887
exp007,72,19.881181921572
exp007,73,39.830440767178
exp007,74,37.8344575263775
exp007,75,15.7750077454317
exp007,76,8.00761866940842
exp007,77,30.9785792735582
exp007,78,21.3326459271749
exp007,79,45.3766758276635
exp007,80,11.2754872363325
exp007,81,29.9223547114844
exp007,82,34.8900009397252
exp007,83,28.0888819377304
exp007,84,12.4044504673414
exp007,85,33.850376840122
exp007,86,21.8945346968574
exp007,87,14.8821452394036
exp007,88,46.8462130683845
exp007,89,27.2030356447681
exp007,90,22.9561369919204
exp008,1,10.410665009833
exp008,2,NA
exp008,3,64.5114662606842
exp008,4,26.2923769197258
exp008,5,6.3776729093361
exp008,6,11.5863578419574
exp008,7,22.9515965662859
exp008,8,27.9096686946129
exp008,9,3.85630232710189
exp008,10,32.5673771558709
exp008,11,15.4590687483849
exp008,12,18.2111025811075
exp008,13,23.9212839781082
exp008,14,12.6837606162252
exp008,15,7.43795452092629
exp008,16,7.90586608992478
exp008,17,9.29159808231738
exp008,18,15.0143144383309
exp008,19,17.1083498639981
exp008,20,9.36838481997834
exp008,21,17.9713756646145
exp008,22,26.4587412311385
exp008,23,6.13773245693377
exp008,24,9.39758191471253
exp008,25,26.4142734573493
exp008,26,8.58009786731082
exp008,27,24.4147485744341
exp008,28,30.5893722701597
exp008,29,38.6611481554757
exp008,30,10.3824100873471
exp008,31,17.3671275234606
exp008,32,28.8663811920609
exp008,33,30.5572541004674
exp008,34,32.4926048756652
exp008,35,15.6098300323794
exp008,36,14.4824389715396
exp008,37,21.8433532783145
exp008,38,5.14464068669126
exp008,39,14.6478113746126
exp008,40,23.4814007944096
exp008,41,30.9224048911806
exp008,42,13.7092142058941
exp008,43,36.343294833332
exp008,44,23.6743664379843
exp008,45,18.3188165362051
exp008,46,33.5978852994634
exp008,47,12.2507031151273
exp008,48,7.09650063502324
exp008,49,15.6266610835446
exp008,50,13.9560325224009
exp008,51,17.6186019470826
exp008,52,56.9735886300102
exp008,53,25.1248038107397
exp008,54,18.1555477572787
exp008,55,35.7066347397649
exp008,56,14.3090162245244
exp008,57,14.5346788491321
exp008,58,17.4653565450103
exp008,59,24.1919552368642
exp008,60,26.276954307618
exp008,61,30.8608621119075
exp008,62,2.49475939946264
exp008,63,29.3191967044781
exp008,64,NA
exp008,65,19.0285363688087
exp008,66,16.394538049893
exp008,67,25.1222136343721
exp008,68,23.1646256593269
exp008,69,17.5334396574361
exp008,70,11.3529851899721
exp008,71,35.2907588170371
exp008,72,10.0047683921085
exp008,73,15.3218611550346
exp008,74,28.182517630602
exp008,75,11.5513354838823
exp008,76,36.2663457419092
exp008,77,NA
exp008,78,16.9870961162438
exp008,79,19.791727834331
exp008,80,28.3414021332373
exp008,81,22.7331625283116
exp008,82,33.5852544648357
exp008,83,NA
exp008,84,19.4673993270471
exp008,85,19.3002357810444
exp008,86,18.0349172370253
exp008,87,40.0481356233337
exp008,88,NA
exp008,89,58.4232095453611
exp008,90,19.1923422272871
exp009,1,28.2503954008969
exp009,2,NA
exp009,3,39.9763896551553
exp009,4,19.642458523887
exp009,5,18.5715028922854
exp009,6,18.9819127098459
exp009,7,6.21028812148645
exp009,8,30.2819444974456
exp009,9,29.1525304800206
exp009,10,19.1733885170677
exp009,11,26.7633410884391
exp009,12,30.7824654639941
exp009,13,17.8892047787888
exp009,14,38.7291667688567
exp009,15,22.4178200822122
exp009,16,42.0728564951219
exp009,17,25.1890209521841
exp009,18,27.7524067918128
exp009,19,35.3099600428402
exp009,20,26.3573373672346
exp009,21,18.9700304662548
exp009,22,32.0257412859363
exp009,23,17.3396303174279
exp009,24,28.5547770463087
exp009,25,29.9178336652212
exp009,26,25.0036086160687
exp009,27,25.6090728876226
exp009,28,43.0927485037285
exp009,29,13.7747341247089
exp009,30,24.1276137154958
exp009,31,30.4025889109564
exp009,32,23.4957946318151
exp009,33,31.1102353240949
exp009,34,32.8653108223208
exp009,35,24.7859654244499
exp009,36,25.2265240295415
exp009,37,21.8912011058558
exp009,38,16.9874875139815
exp009,39,24.6262098854771
exp009,40,26.0513246275069
exp009,41,19.7768332832477
exp009,42,25.1544668152396
exp009,43,34.9570578212596
exp009,44,35.7911797535151
exp009,45,19.1669074724067
exp009,46,23.9090348972044
exp009,47,29.5923367001974
exp009,48,22.1637696135057
exp009,49,18.7793942435021
exp009,50,29.603419205171
exp009,51,28.7386901733108
exp009,52,22.2076537700847
exp009,53,20.5481253488872
exp009,54,26.2799559223511
exp009,55,33.7967872105398
exp009,56,19.3934301118303
exp009,57,31.8375915103873
exp009,58,30.7799849661143
exp009,59,26.6634573916657
exp009,60,29.5965292674683
exp009,61,39.3298480095358
exp009,62,22.6020932627514
exp009,63,29.3457587315502
exp009,64,26.3287401494022
exp009,65,11.6728982694675
exp009,66,37.781402235044
exp009,67,32.3200209739023
exp009,68,30.8194308288418
exp009,69,24.208301744121
exp009,70,20.4648160183991
exp009,71,26.8950364304783
exp009,72,30.2967567691295
exp009,73,38.1186545944046
exp009,74,27.1379370134852
exp009,75,32.4825166472596
exp009,76,27.0565328791897
exp009,77,32.3424969917837
exp009,78,14.8173222843495
exp009,79,29.1660682260588
exp009,80,32.1122104067071
exp009,81,32.1139861423752
exp009,82,30.2892675158906
exp009,83,28.0666738750802
exp009,84,28.5361440274338
exp009,85,40.3363901610013
exp009,86,32.8739938097064
exp009,87,11.7653881730311
exp009,88,38.8317176581713
exp009,89,34.4874838884624
exp009,90,30.2770511071422
exp010,1,38.6243198193318
exp010,2,35.2446728711677
exp010,3,26.5539624251793
exp010,4,18.0961964954493
exp010,5,14.8229585088736
exp010,6,25.1595926143518
exp010,7,15.1607414614745
exp010,8,23.5190465775142
exp010,9,26.2983639780952
exp010,10,18.4253187845649
exp010,11,28.7738663697587
exp010,12,11.0430348624969
exp010,13,15.6502691054422
exp010,14,28.5777974782276
exp010,15,23.865710625012
exp010,16,31.2182807428543
exp010,17,32.8058603292785
exp010,18,21.4625274599237
exp010,19,17.43904204546
exp010,20,25.4243338379849
exp010,21,9.83969600506001
exp010,22,19.5339782365836
exp010,23,29.7929711111364
exp010,24,15.6548259803354
exp010,25,31.1359156507303
exp010,26,35.8177890930245
exp010,27,9.64549945675786
exp010,28,28.5553292270279
exp010,29,33.2622199163503
exp010,30,10.4659530455718
exp010,31,21.7788727494975
exp010,32,21.1779213252596
exp010,33,10.3082270076498
exp010,34,28.9671632030739
exp010,35,11.6319546248794
exp010,36,25.8271084625873
exp010,37,26.2528321319575
exp010,38,7.32377070782565
exp010,39,31.0542349184693
exp010,40,29.4477242209527
exp010,41,27.1594865969064
exp010,42,9.48983937537559
exp010,43,32.3023954615358
exp010,44,8.07361406319818
exp010,45,33.3901635342272
exp010,46,24.5976126197672
exp010,47,43.5403279266408
exp010,48,26.0259230459214
exp010,49,33.3080522799559
exp010,50,27.8597891608352
exp010,51,24.4163042153249
exp010,52,31.3299371217283
exp010,53,42.0901193804179
exp010,54,13.2671354752648
exp010,55,32.7502203315765
exp010,56,30.8584881391394
exp010,57,18.703930342002
exp010,58,17.1770125601878
exp010,59,25.0586812632985
exp010,60,32.2859176317492
exp010,61,10.755908815868
exp010,62,30.2863122180694
exp010,63,35.3583908594864
exp010,64,29.0317311115633
exp010,65,13.7989388565248
exp010,66,21.8076110047175
exp010,67,17.4785856987652
exp010,68,22.0526018578617
exp010,69,25.7744050655064
exp010,70,36.0108300126478
exp010,71,13.9208687259657
exp010,72,19.684093728106
exp010,73,31.8705557202727
exp010,74,24.1773566096054
exp010,75,20.8135428769213
exp010,76,25.2838058103046
exp010,77,34.2529919695234
exp010,78,27.7805282870915
exp010,79,24.8740075146153
exp010,80,23.8051926112268
exp010,81,22.001123022746
exp010,82,25.0363958654553
exp010,83,21.7243696757667
exp010,84,19.3514521893736
exp010,85,24.6826992830712
exp010,86,32.5296743218208
exp010,87,17.7735395818302
exp010,88,32.454063019836
exp010,89,14.1226186305986
exp010,90,19.4950686608336
exp011,1,48.772436303808
exp011,2,3.84023373351676
exp011,3,14.7751229248835
exp011,4,19.5662714375227
exp011,5,16.1952347254995
exp011,6,20.5092426946519
exp011,7,22.2519024696539
exp011,8,17.4229367361413
exp011,9,11.6948473484817
exp011,10,18.8705315015229
exp011,11,19.911956938438
exp011,12,17.9367147697833
exp011,13,17.7060548437489
exp011,14,22.2350297604149
exp011,15,18.2258195122909
exp011,16,18.2047090636828
exp011,17,9.58344749022316
exp011,18,26.4378295903811
exp011,19,23.6304959662102
exp011,20,16.5396698888706
exp011,21,34.0692759884366
exp011,22,25.7606184119301
exp011,23,21.0478731341736
exp011,24,22.3171577494425
exp011,25,7.11193176251325
exp011,26,27.8386187496087
exp011,27,50.2148511090632
exp011,28,33.3558516209922
exp011,29,24.7096362729179
exp011,30,23.0476813021259
exp011,31,27.9532725577728
exp011,32,22.0305347283008
exp011,33,17.5684091409556
exp011,34,23.3853893316864
exp011,35,20.3702410476269
exp011,36,27.6565146206933
exp011,37,21.0774361178927
exp011,38,23.7346220152611
exp011,39,13.5153915260756
exp011,40,36.0873016822237
exp011,41,13.66547634896
exp011,42,19.4875468663606
exp011,43,25.0432174316949
exp011,44,17.371572986775
exp011,45,24.5287829476231
exp011,46,20.942505764681
exp011,47,27.7077047393807
exp011,48,14.6642569512406
exp011,49,25.5265242530097
exp011,50,44.6065832323577
exp011,51,17.4337195125025
exp011,52,14.4935185608666
exp011,53,32.3457187535456
exp011,54,22.377056323463
exp011,55,25.8381350078076
exp011,56,5.24289314738353
exp011,57,29.6458977891319
exp011,58,35.7796799187089
exp011,59,20.3955291013712
exp011,60,23.5441845890214
exp011,61,26.5130689088131
exp011,62,23.9832188636395
exp011,63,15.2799192722761
exp011,64,34.2758852185476
exp011,65,22.6690275573243
exp011,66,18.5112652792149
exp011,67,30.5126987989939
exp011,68,12.8156406681449
exp011,69,27.8193893813862
exp011,70,28.8451500768477
exp011,71,38.9796406611877
exp011,72,14.0938015902472
exp011,73,36.2268070293025
exp011,74,17.4800465729621
exp011,75,30.4775474826015
exp011,76,23.8882039633329
exp011,77,22.2093488937079
exp011,78,27.6074969225009
exp011,79,0.57661187080125
exp011,80,32.6158090975629
exp011,81,28.9761205010779
exp011,82,32.5898637096352
exp011,83,38.0012212988564
exp011,84,20.1154755220978
exp011,85,29.3535428521581
exp011,86,24.2910160571715
exp011,87,21.8121278820986
exp011,88,36.8426953230879
exp011,89,11.0621887640996
exp011,90,34.4130839738555
exp012,1,1.27644665815066
exp012,2,12.7234767066763
exp012,3,40.7712153537362
exp012,4,15.0668326629717
exp012,5,8.21716466825454
exp012,6,12.5012155347175
exp012,7,19.0088488804164
exp012,8,14.9698574352254
exp012,9,25.0536126841077
exp012,10,21.8015819336678
exp012,11,NA
exp012,12,30.8336453585517
exp012,13,8.20158667149792
exp012,14,22.6209915576893
exp012,15,14.2078863175277
exp012,16,11.6944835229407
exp012,17,5.41681307432742
exp012,18,24.3846756259291
exp012,19,25.5383013225528
exp012,20,14.9525178368433
exp012,21,16.2662042807399
exp012,22,23.0238079570005
exp012,23,23.4050698600538
exp012,24,33.2423386825894
exp012,25,16.5478984367034
exp012,26,13.6612881765088
exp012,27,25.0190083847585
exp012,28,23.7350044026625
exp012,29,29.3606441876176
exp012,30,27.3030025124323
exp012,31,12.5497076550082
exp012,32,5.98766231284304
exp012,33,25.0823762770091
exp012,34,28.5679282032373
exp012,35,18.0477173892088
exp012,36,21.7769931791029
exp012,37,23.9563953851883
exp012,38,24.058603027829
exp012,39,26.5917799781351
exp012,40,0.319879347277634
exp012,41,23.6007524383078
exp012,42,23.2780427862859
exp012,43,23.436859068428
exp012,44,27.7231569306954
exp012,45,26.0648672869025
exp012,46,16.8980789412291
exp012,47,17.8097172343821
exp012,48,15.9404172150902
exp012,49,22.683945874402
exp012,50,22.707256934873
exp012,51,25.640975554196
exp012,52,13.28716723442
exp012,53,24.4273834649948
exp012,54,27.1406856804747
exp012,55,9.29444991712356
exp012,56,26.1903102927465
exp012,57,31.1702203143713
exp012,58,8.94096617703052
exp012,59,18.5333134247751
exp012,60,24.593036354945
exp012,61,27.2702778261109
exp012,62,24.3816632877748
exp012,63,17.7083510357346
exp012,64,35.3445635333838
exp012,65,17.1978141258652
exp012,66,21.9906055182981
exp012,67,25.6948106119144
exp012,68,23.383908527982
exp012,69,28.7512862665261
exp012,70,24.9904480822615
exp012,71,31.7656504018117
exp012,72,26.7094600059474
exp012,73,22.1273430599421
exp012,74,21.2560542578348
exp012,75,13.6154704619636
exp012,76,24.3691008491001
exp012,77,27.2896384259553
exp012,78,21.8363318552061
exp012,79,12.5352296170916
exp012,80,29.9042863879218
exp012,81,20.2201871391104
exp012,82,22.7029239470901
exp012,83,23.878428716081
exp012,84,15.9122434315746
exp012,85,16.9711833947865
exp012,86,25.2680729598949
exp012,87,12.8677614249398
exp012,88,20.8065022584699
exp012,89,17.9344212401874
exp012,90,24.4924003461759
exp013,1,17.293618964119
exp013,2,18.2307194369534
exp013,3,27.39689911585
exp013,4,32.8858420217598
exp013,5,15.4534364137403
exp013,6,32.5043481134945
exp013,7,36.2771260875439
exp013,8,12.4979495793684
exp013,9,30.6645061397559
exp013,10,37.031898410056
exp013,11,30.1573445419675
exp013,12,40.7416020138837
exp013,13,30.8520775610282
exp013,14,41.8433267730075
exp013,15,13.7423853889867
exp013,16,23.391956115417
exp013,17,30.8579883260728
exp013,18,47.0261121536713
exp013,19,33.7637356995624
exp013,20,20.9451016064177
exp013,21,30.546272360215
exp013,22,35.4514034946582
exp013,23,25.5111491344421
exp013,24,17.88378409749
exp013,25,33.4923518408145
exp013,26,31.2887414457539
exp013,27,26.5630963904773
exp013,28,25.9978266375462
exp013,29,23.4177276243056
exp013,30,23.0953061316685
exp013,31,23.4109633351703
exp013,32,19.8093168345288
exp013,33,26.2572120138233
exp013,34,30.0783894806826
exp013,35,12.9914036266417
exp013,36,29.3808900256538
exp013,37,26.0389457478205
exp013,38,21.4023133678689
exp013,39,26.4427812053325
exp013,40,33.520427760429
exp013,41,25.2645668850971
exp013,42,17.8702949161784
exp013,43,29.7742315628285
exp013,44,21.8251408886034
exp013,45,22.5649263488744
exp013,46,28.8996537567943
exp013,47,17.8457988641065
exp013,48,30.1761273234404
exp013,49,22.7956448301042
exp013,50,27.0759350837343
exp013,51,23.249106314106
exp013,52,31.3042175751999
exp013,53,24.1697493138943
exp013,54,21.187442175286
exp013,55,26.6147502336395
exp013,56,22.4014547018511
exp013,57,20.6908913757999
exp013,58,-2.838022906873
exp013,59,39.8336315519137
exp013,60,29.7325956349441
exp013,61,34.9708142100928
exp013,62,36.3373916180414
exp013,63,23.3452256032947
exp013,64,25.3446350066122
exp013,65,24.6601224965326
exp013,66,26.5939392353761
exp013,67,27.3905250217302
exp013,68,33.5619401597077
exp013,69,14.8494838593433
exp013,70,29.5111026666265
exp013,71,36.5408035251457
exp013,72,27.4345173249044
exp013,73,10.1713374927093
exp013,74,28.0175610254524
exp013,75,25.351280912479
exp013,76,25.8081383387152
exp013,77,32.2584693618969
exp013,78,30.5096910926339
exp013,79,23.4027110213787
exp013,80,29.4007605631891
exp013,81,26.5980247804407
exp013,82,35.478536940071
exp013,83,31.2118430928586
exp013,84,25.0732854939969
exp013,85,30.1329994034912
exp013,86,27.0923774281318
exp013,87,37.9278078092563
exp013,88,15.5277886151219
exp013,89,37.0267655903413
exp013,90,26.7072777053156
exp014,1,19.458721280834
exp014,2,2.09867446228547
exp014,3,15.6576747058352
exp014,4,23.1700322210431
exp014,5,27.1070498406672
exp014,6,0.944927578917756
exp014,7,17.1233707266182
exp014,8,12.8778573443409
exp014,9,22.1915695265367
exp014,10,9.87486280974624
exp014,11,39.8219179605075
exp014,12,-10.6314254456096
exp014,13,25.1833209947562
exp014,14,21.3870523184861
exp014,15,22.5103615183346
exp014,16,18.7019405816433
exp014,17,24.7684029773248
exp014,18,29.4785067024505
exp014,19,8.14691851477371
exp014,20,30.9830596931338
exp014,21,15.052430344803
exp014,22,4.18349912336196
exp014,23,24.2237580928377
exp014,24,46.5884531655663
exp014,25,39.5975375367327
exp014,26,9.79558345759427
exp014,27,14.3398644926588
exp014,28,8.75573099213102
exp014,29,35.8549922262248
exp014,30,15.595754098272
exp014,31,28.0156161655475
exp014,32,51.8922863323854
exp014,33,15.3365399142462
exp014,34,37.9351667072503
exp014,35,8.93252309082559
exp014,36,24.4454020187441
exp014,37,20.0675247362672
exp014,38,30.9199237328531
exp014,39,-5.54076418370946
exp014,40,21.7754169066988
exp014,41,NA
exp014,42,24.8578720930602
exp014,43,47.6456938724143
exp014,44,77.7011618465741
exp014,45,25.9433336920496
exp014,46,30.5636622425668
exp014,47,34.7393339366856
exp014,48,17.5143622411635
exp014,49,5.74663958146302
exp014,50,17.5101085066441
exp014,51,39.4702093308164
exp014,52,17.2600000966687
exp014,53,36.699823432573
exp014,54,20.2259967913086
exp014,55,27.5151571774059
exp014,56,21.422946223391
exp014,57,33.5672475590335
exp014,58,40.4043480024242
exp014,59,17.6143563327373
exp014,60,6.69479813561037
exp014,61,38.6113260460966
exp014,62,29.9696081630025
exp014,63,9.62435906034506
exp014,64,40.9904992543986
exp014,65,17.270868217997
exp014,66,16.2097565372076
exp014,67,24.6039067761161
exp014,68,18.402128780029
exp014,69,11.7345462714228
exp014,70,23.5296037612853
exp014,71,55.551681043194
exp014,72,21.9368541246004
exp014,73,NA
exp014,74,17.2085378415476
exp014,75,21.0758533371832
exp014,76,26.242477132538
exp014,77,14.1139947749617
exp014,78,31.7776070387525
exp014,79,40.9008366489575
exp014,80,17.5531791670131
exp014,81,27.7073365198805
exp014,82,35.4649160396481
exp014,83,42.5164291308021
exp014,84,1.22028922169763
exp014,85,17.2043764266258
exp014,86,15.9199620353221
exp014,87,35.2630999254724
exp014,88,24.5530386532178
exp014,89,67.5015166100471
exp014,90,19.8540199434951
exp015,1,42.6580264459402
exp015,2,43.9689926214408
exp015,3,16.9726752304444
exp015,4,22.5878438527832
exp015,5,10.7845700284761
exp015,6,32.4047096396374
exp015,7,25.2596249781703
exp015,8,18.139117431294
exp015,9,29.6095406736142
exp015,10,16.8153609554009
exp015,11,27.9867635462558
exp015,12,33.2354952058597
exp015,13,23.8017905844838
exp015,14,27.1626446037792
exp015,15,29.5959851464198
exp015,16,20.5165492447026
exp015,17,35.6901865424305
exp015,18,29.0266674733827
exp015,19,14.1878573340059
exp015,20,36.6215089325259
exp015,21,40.1235813826011
exp015,22,33.4924550421286
exp015,23,22.3148834420905
exp015,24,28.0511457375566
exp015,25,24.1688427332373
exp015,26,30.3157346198456
exp015,27,30.2485834572456
exp015,28,32.6036489678883
exp015,29,13.9241446003458
exp015,30,24.3416678698376
exp015,31,31.319122598691
exp015,32,22.349645647878
exp015,33,22.2251775234295
exp015,34,34.9795706140177
exp015,35,18.6012036021777
exp015,36,29.9704454898156
exp015,37,31.5466242336629
exp015,38,21.680665767065
exp015,39,32.0946166175384
exp015,40,34.5023691993896
exp015,41,43.2440264590444
exp015,42,22.5286342815153
exp015,43,37.0626779579288
exp015,44,30.5758142087462
exp015,45,17.2802433435706
exp015,46,34.9229150474745
exp015,47,30.7860212953373
exp015,48,25.2664958930385
exp015,49,16.3796791642422
exp015,50,30.3143937298095
exp015,51,29.5267272396458
exp015,52,35.4108240160594
exp015,53,39.1032347738295
exp015,54,22.544714450885
exp015,55,29.9823138328101
exp015,56,35.0100035732306
exp015,57,19.6162457328956
exp015,58,28.7830821984187
exp015,59,30.4037348375124
exp015,60,27.4340514911782
exp015,61,33.8238506961452
exp015,62,27.5226605276402
exp015,63,26.4941892774231
exp015,64,35.0415848239236
exp015,65,19.7251053364833
exp015,66,33.6085003625904
exp015,67,24.863826579616
exp015,68,31.8479269962043
exp015,69,35.768421819404
exp015,70,31.3154269116687
exp015,71,22.5393503037566
exp015,72,24.7951136164757
exp015,73,15.4829928510242
exp015,74,27.7196632734887
exp015,75,34.2603471267859
exp015,76,17.4190542738297
exp015,77,26.0194910269507
exp015,78,26.8470146651339
exp015,79,40.0621914524878
exp015,80,21.0303312088591
exp015,81,27.8674414772522
exp015,82,27.1237845679281
exp015,83,20.4867504135659
exp015,84,32.4895425855038
exp015,85,17.4182587669331
exp015,86,35.5455255385819
exp015,87,29.6084939712314
exp015,88,28.7462121667435
exp015,89,26.3782267913858
exp015,90,34.0037048019015
exp016,1,35.0940426017746
exp016,2,29.1944861728764
exp016,3,4.9836894871756
exp016,4,8.38353525737723
exp016,5,10.9622564262492
exp016,6,43.4824718376349
exp016,7,28.0022819048316
exp016,8,5.22224256669496
exp016,9,7.25257360771531
exp016,10,21.1621321024971
exp016,11,31.5051071355219
exp016,12,15.1836399984403
exp016,13,36.6472636617569
exp016,14,14.8300205996176
exp016,15,14.7020207706987
exp016,16,18.0463179505813
exp016,17,16.7617148314298
exp016,18,29.6586150097331
exp016,19,17.5519349780675
exp016,20,12.4066705709431
exp016,21,11.7563734998926
exp016,22,14.3549195906715
exp016,23,24.8435244410694
exp016,24,20.2037557140399
exp016,25,28.2069977550552
exp016,26,31.2052724804294
exp016,27,23.5560342937612
exp016,28,27.1080369968927
exp016,29,29.0298888045368
exp016,30,18.5870659442224
exp016,31,13.495794631514
exp016,32,18.4931440510671
exp016,33,27.7812059155077
exp016,34,41.249767423895
exp016,35,18.2519466894323
exp016,36,10.4999849451596
exp016,37,20.0076317958826
exp016,38,41.5968162183694
exp016,39,14.0390733543124
exp016,40,16.5199245563744
exp016,41,27.0352244473579
exp016,42,32.290669926457
exp016,43,46.6133582237927
exp016,44,7.87024274669405
exp016,45,29.7993746762308
exp016,46,27.2929411334011
exp016,47,38.8197638506394
exp016,48,15.1313294022557
exp016,49,26.4174078218734
exp016,50,34.6244325844589
exp016,51,17.5201142866322
exp016,52,22.8284768526269
exp016,53,20.9515793159955
exp016,54,35.1056666412412
exp016,55,14.7782345043901
exp016,56,16.3514679152935
exp016,57,34.6315800988979
exp016,58,35.5272248366854
exp016,59,10.650770416566
exp016,60,26.0945103336666
exp016,61,20.5044441695218
exp016,62,36.7574430997638
exp016,63,5.20216676369502
exp016,64,16.0409176436848
exp016,65,67.0025762276037
exp016,66,27.9380717454072
exp016,67,33.7538346789394
exp016,68,28.1005016457348
exp016,69,16.8315406913172
exp016,70,27.0519808378021
exp016,71,16.0103971559314
exp016,72,24.5721819479175
exp016,73,23.9691727291159
exp016,74,40.7757912499296
exp016,75,16.5835250731876
exp016,76,31.7851359560218
exp016,77,26.8890725517193
exp016,78,28.178996408257
exp016,79,38.2067158359369
exp016,80,14.314764616701
exp016,81,21.7022925135966
exp016,82,31.8621318310333
exp016,83,31.2224932386276
exp016,84,17.5809119162268
exp016,85,27.901937143421
exp016,86,26.4289411912998
exp016,87,38.2279591611219
exp016,88,51.0538378241953
exp016,89,6.88284646918983
exp016,90,23.4738204835407
exp017,1,0.333400233338898
exp017,2,20.4313051891104
exp017,3,19.6180456229389
exp017,4,11.8915127595096
exp017,5,53.2074139501893
exp017,6,22.2635126336029
exp017,7,28.267397680166
exp017,8,22.5438426310075
exp017,9,17.1235989834233
exp017,10,24.6095787601746
exp017,11,23.6790030317047
exp017,12,21.1225554225672
exp017,13,23.7614750939048
exp017,14,17.9661634870294
exp017,15,35.9383530772976
exp017,16,31.05250440271
exp017,17,16.9362952028783
exp017,18,31.7479661957926
exp017,19,20.678380321223
exp017,20,25.6385733230166
exp017,21,25.2787784489764
exp017,22,29.8737063438633
exp017,23,28.5513763548178
exp017,24,-1.35478650424894
exp017,25,4.61605916819332
exp017,26,26.1986359331871
exp017,27,21.9799878981718
exp017,28,30.2371449879115
exp017,29,35.2500231545121
exp017,30,16.1151627034995
exp017,31,29.9676464624149
exp017,32,-1.27104577983408
exp017,33,29.5545339550937
exp017,34,32.3423821581751
exp017,35,29.4626480269633
exp017,36,10.3463183458005
exp017,37,6.46850700983261
exp017,38,17.5679293441055
exp017,39,17.7562262542073
exp017,40,4.36974704924412
exp017,41,34.7646722930901
exp017,42,23.8952509687831
exp017,43,37.2401230231378
exp017,44,16.7968374088056
exp017,45,30.8810541228492
exp017,46,16.54467298543
exp017,47,25.0439174362252
exp017,48,21.3428356914384
exp017,49,18.3753198352931
exp017,50,24.3834715041542
exp017,51,18.403418687734
exp017,52,34.0910349528089
exp017,53,26.9172620903234
exp017,54,10.4496428416139
exp017,55,30.7426402277375
exp017,56,10.504043448291
exp017,57,22.7578223899469
exp017,58,26.3692890351685
exp017,59,2.23889500896332
exp017,60,40.2052357353439
exp017,61,34.5555656903077
exp017,62,32.4299950514676
exp017,63,4.69331470943393
exp017,64,10.1273793125645
exp017,65,34.8374570477901
exp017,66,16.3000033902917
exp017,67,19.0497840790965
exp017,68,40.036549294602
exp017,69,20.6133511724899
exp017,70,25.6708577103338
exp017,71,19.0623417591781
exp017,72,31.7228053105486
exp017,73,36.0104595265967
exp017,74,21.9766687597248
exp017,75,11.3913742557063
exp017,76,27.8757753107327
exp017,77,26.319147686441
exp017,78,8.17605966345658
exp017,79,22.6219246122676
exp017,80,14.3727436606074
exp017,81,28.0346239317566
exp017,82,34.0132418822216
exp017,83,50.0241199083192
exp017,84,14.2861620471889
exp017,85,12.5319958482381
exp017,86,22.9801964266174
exp017,87,33.5191658841097
exp017,88,27.5545933372553
exp017,89,29.5372565903239
exp017,90,30.6515434851531
exp018,1,37.3550035513836
exp018,2,3.44914676098691
exp018,3,6.90996488227001
exp018,4,12.5124870937423
exp018,5,32.336238725025
exp018,6,15.2374184623448
exp018,7,16.7859137446185
exp018,8,14.5430734361834
exp018,9,29.0863141442866
exp018,10,18.9449485729018
exp018,11,18.4587991436775
exp018,12,30.5117104695895
exp018,13,31.0918378525258
exp018,14,20.3004539137362
exp018,15,20.8279081831195
exp018,16,25.8804370612331
exp018,17,22.3911339419915
exp018,18,28.610483640028
exp018,19,37.2712354228958
exp018,20,34.3421018270492
exp018,21,16.1718211072086
exp018,22,12.4316857050974
exp018,23,39.8228776865342
exp018,24,30.5213545217271
exp018,25,NA
exp018,26,47.4918388637186
exp018,27,24.5866827246021
exp018,28,20.2331063523485
exp018,29,27.2807961047086
exp018,30,32.4779640915637
exp018,31,NA
exp018,32,12.8586488923923
exp018,33,33.5246280195705
exp018,34,21.2234797340904
exp018,35,33.2496034910351
exp018,36,27.6529262377232
exp018,37,13.3205372440238
exp018,38,31.4116165045557
exp018,39,26.1099523322116
exp018,40,21.5205066069038
exp018,41,37.7293134636893
exp018,42,38.0357670132602
exp018,43,NA
exp018,44,NA
exp018,45,30.5792605059218
exp018,46,18.5413528381275
exp018,47,32.8318111729839
exp018,48,22.9531293694385
exp018,49,32.8701651546106
exp018,50,NA
exp018,51,15.7207750650726
exp018,52,17.9514298755961
exp018,53,19.2604438839173
exp018,54,36.84919074089
exp018,55,19.1089541353291
exp018,56,14.4603586289178
exp018,57,31.2339618935819
exp018,58,NA
exp018,59,22.178549917023
exp018,60,44.081335151936
exp018,61,NA
exp018,62,33.2006766379082
exp018,63,21.9398130314742
exp018,64,19.9452103687378
exp018,65,10.9780154637353
exp018,66,39.3283763764703
exp018,67,22.3052205476001
exp018,68,26.620445591233
exp018,69,30.2356872484345
exp018,70,31.2000049032051
exp018,71,23.5002808591637
exp018,72,51.9514150245316
exp018,73,32.8634442272681
exp018,74,35.1044182946237
exp018,75,24.8382657893117
exp018,76,36.6547234837626
exp018,77,25.6999551857481
exp018,78,32.529996921464
exp018,79,25.0628619953667
exp018,80,38.6321651578777
exp018,81,29.0524119938942
exp018,82,34.8454036860651
exp018,83,9.0704515130541
exp018,84,33.2824663947934
exp018,85,36.9124615488511
exp018,86,19.877988108315
exp018,87,26.0005460331327
exp018,88,NA
exp018,89,17.9229276725052
exp018,90,28.9719053896017
exp019,1,12.8405523704197
exp019,2,42.064485249311
exp019,3,6.99546213080773
exp019,4,14.7631817911034
exp019,5,18.0498268969752
exp019,6,25.999068524335
exp019,7,34.8861232129175
exp019,8,24.6349870712083
exp019,9,17.8450969889674
exp019,10,20.7226434805467
exp019,11,17.0854529793469
exp019,12,22.8169069944102
exp019,13,13.3189083250347
exp019,14,14.3246118600502
exp019,15,18.8898580786948
exp019,16,13.5288852210622
exp019,17,32.377645664511
exp019,18,27.8190308228617
exp019,19,19.5382816888988
exp019,20,2.89553291682932
exp019,21,18.1484225352568
exp019,22,25.1641778734388
exp019,23,16.9255126020105
exp019,24,9.48552481835297
exp019,25,21.8755784845215
exp019,26,22.4164860235165
exp019,27,37.5033490207304
exp019,28,14.7517988522953
exp019,29,27.1407195803456
exp019,30,21.8350407107262
exp019,31,37.1923541938973
exp019,32,29.9734600321571
exp019,33,5.39386122464696
exp019,34,19.2282644825013
exp019,35,27.0810062362243
exp019,36,11.7890783556576
exp019,37,25.0347381592554
exp019,38,30.5552123308518
exp019,39,-1.81559744258378
exp019,40,18.3063892673364
exp019,41,15.7034566357546
exp019,42,21.7018475685709
exp019,43,52.3109538525173
exp019,44,28.1956456688721
exp019,45,19.0589613071889
exp019,46,12.2542339098243
exp019,47,22.7533129665233
exp019,48,24.4230255237847
exp019,49,35.956418376503
exp019,50,36.3425667610201
exp019,51,5.67485620399381
exp019,52,20.4336618804759
exp019,53,28.3394778541216
exp019,54,4.68795839862753
exp019,55,6.99470505811703
exp019,56,20.9679274408945
exp019,57,30.780011119554
exp019,58,41.5318900975684
exp019,59,30.3201446941977
exp019,60,22.8495620641241
exp019,61,28.1519882746568
exp019,62,6.51524011940135
exp019,63,22.4217944788349
exp019,64,15.1511018241533
exp019,65,30.3895622922009
exp019,66,23.3582378627338
exp019,67,10.0023585087988
exp019,68,20.0093863372772
exp019,69,24.9141193796237
exp019,70,28.6730817341058
exp019,71,41.7948938269527
exp019,72,10.1352343329523
exp019,73,18.4013382761592
exp019,74,34.850430296222
exp019,75,23.3994147797946
exp019,76,24.4189989142452
exp019,77,40.8580062291377
exp019,78,6.3863830256026
exp019,79,3.92841732428767
exp019,80,26.2288067217286
exp019,81,32.258033024056
exp019,82,15.1688443310029
exp019,83,27.1466869639203
exp019,84,27.8609971091013
exp019,85,30.9281539849392
exp019,86,32.1360498062698
exp019,87,26.6510127203667
exp019,88,19.5788452139815
exp019,89,36.2882407393611
exp019,90,28.5343560134829
exp020,1,20.6530647429945
exp020,2,26.4241931713469
exp020,3,29.7980301797524
exp020,4,60.506017194114
exp020,5,16.2034917771505
exp020,6,28.8373065085771
exp020,7,10.5320518045436
exp020,8,45.6697736591497
exp020,9,31.482911842998
exp020,10,20.6673738257303
exp020,11,14.1107025288936
exp020,12,17.9546195205821
exp020,13,24.9532080868564
exp020,14,37.4353588073432
exp020,15,12.1332724815562
exp020,16,27.4977666621522
exp020,17,23.1030626384953
exp020,18,37.3607247317138
exp020,19,26.5221511742049
exp020,20,34.7555964945869
exp020,21,12.2027589220003
exp020,22,7.09246908110494
exp020,23,26.4075150147529
exp020,24,34.3664839735508
exp020,25,20.6711234244664
exp020,26,18.6261673192769
exp020,27,39.4100647557429
exp020,28,25.8589060958395
exp020,29,35.5051323736092
exp020,30,27.6084676550427
exp020,31,33.7964818961158
exp020,32,17.7824011171155
exp020,33,24.693639273512
exp020,34,15.0519007049162
exp020,35,21.1764015642058
exp020,36,29.0223024405302
exp020,37,35.2871021447865
exp020,38,15.7150524949376
exp020,39,23.151675497118
exp020,40,43.9610210838673
exp020,41,12.4441241513203
exp020,42,22.6508793579589
exp020,43,31.9265245530636
exp020,44,26.3164584380397
exp020,45,14.5203813999934
exp020,46,37.1038959290266
exp020,47,12.4904527103035
exp020,48,26.7384729823092
exp020,49,18.0685231989415
exp020,50,23.5221443870451
exp020,51,28.8757319035309
exp020,52,14.7605479797749
exp020,53,32.8944347706954
exp020,54,26.8482501737369
exp020,55,35.0645333198561
exp020,56,13.8331801184826
exp020,57,38.1894066054685
exp020,58,34.6397923310003
exp020,59,34.4017019360206
exp020,60,18.7119447927028
exp020,61,29.7230750024984
exp020,62,15.5348667080677
exp020,63,31.9953591016057
exp020,64,16.4622939487213
exp020,65,37.4103302813863
exp020,66,31.566667233727
exp020,67,32.3183545429284
exp020,68,14.807385071782
exp020,69,32.2226799579244
exp020,70,35.3366289932696
exp020,71,36.6652795602723
exp020,72,17.9640702899849
exp020,73,26.5491737948249
exp020,74,33.1199372255116
exp020,75,16.6023342126701
exp020,76,21.1254389798992
exp020,77,28.8812685118261
exp020,78,32.1411447791038
exp020,79,34.8153161974491
exp020,80,15.5424345063636
exp020,81,33.8375949717838
exp020,82,30.2124478323172
exp020,83,30.0663888540166
exp020,84,17.0161044157008
exp020,85,35.8546356680046
exp020,86,21.4839985335492
exp020,87,30.4535748934069
exp020,88,33.9379419463088
exp020,89,41.1531723347888
exp020,90,16.2395954914359
exp021,1,20.4160049167182
exp021,2,NA
exp021,3,5.01961259327773
exp021,4,46.3668124016348
exp021,5,13.0267183390169
exp021,6,40.9717843648823
exp021,7,38.5313584881211
exp021,8,26.742387262435
exp021,9,9.21469761724668
exp021,10,15.1538650264192
exp021,11,63.2478928521689
exp021,12,49.4073698616208
exp021,13,11.344048868815
exp021,14,10.7752443806972
exp021,15,25.254029593579
exp021,16,26.9069152271672
exp021,17,5.1170841744989
exp021,18,51.9055354811839
exp021,19,32.5056043924854
exp021,20,18.5728714115985
exp021,21,18.2933719838631
exp021,22,6.03671976550635
exp021,23,41.8115060220299
exp021,24,31.7368775258625
exp021,25,27.3211918674265
exp021,26,6.21857376962627
exp021,27,28.8489819161729
exp021,28,23.2497258760181
exp021,29,41.0996441590834
exp021,30,22.1967259961845
exp021,31,27.9147097248729
exp021,32,11.2703060734718
exp021,33,23.6998106815152
exp021,34,-3.50457110701807
exp021,35,42.2788943832265
exp021,36,32.6947048926904
exp021,37,33.7675378507659
exp021,38,31.7402842897454
exp021,39,24.1319104884294
exp021,40,15.4675904198863
exp021,41,25.5987173607805
exp021,42,26.8526473348319
exp021,43,30.9158199711782
exp021,44,69.5348384679772
exp021,45,-0.746907816834891
exp021,46,25.0886092850681
exp021,47,17.7005507197281
exp021,48,34.0628312895298
exp021,49,33.277878350858
exp021,50,20.2154040566283
exp021,51,29.0958945205693
exp021,52,32.8648398817468
exp021,53,35.4968431733899
exp021,54,13.0386113698584
exp021,55,26.5852117215314
exp021,56,31.3007978722727
exp021,57,19.3466041330801
exp021,58,40.9687309731241
exp021,59,41.5879581441812
exp021,60,15.1726882032705
exp021,61,1.39593042224745
exp021,62,38.1074747093648
exp021,63,26.8924398843571
exp021,64,31.9911125910487
exp021,65,31.5671522754134
exp021,66,18.9354273742005
exp021,67,22.5461437502855
exp021,68,22.1765394835339
exp021,69,24.1369913852876
exp021,70,34.9676518428649
exp021,71,24.2048261122912
exp021,72,30.35571335826
exp021,73,24.2266916648725
exp021,74,32.3948895982033
exp021,75,25.7387197653035
exp021,76,30.602294098051
exp021,77,8.92670654475848
exp021,78,30.2411331656397
exp021,79,28.4961678161331
exp021,80,18.8668485135898
exp021,81,23.3367949655907
exp021,82,27.7703013144622
exp021,83,43.9298026963154
exp021,84,14.0646779705382
exp021,85,22.4099484009776
exp021,86,27.5363206449526
exp021,87,19.4597342811473
exp021,88,38.0507977583291
exp021,89,35.5683856617261
exp021,90,-16.5565948971452
