"trial","han001","han002","han003","han004","han005","han006","han007","han008","han009","han010","han011","han012","han013","han014","han015","han016","han017","han018","han019","han020","han021","han022","han023","han024","han025","han026","han027","han028","han029"
1,2.18756204367809,-3.8535597158594,-24.5667641509139,0.548547549226791,6.98548166473686,-6.99721812382418,3.29592358662388,-0.632699055090275,-7.39816220520221,-26.959461439144,-4.21582761549616,1.58970446247205,4.53547220150324,6.67595558872774,-10.4342625343323,-31.8529036804498,-11.397223437368,2.62971183757098,0.265313575447391,-0.439173331475249,4.84598412438305,-6.24808903711382,6.8367994877347,-4.55052798917602,-10.374257363994,-6.26302677969521,-9.95407521161361,-6.0046039441021,-4.59599621543309
2,NA,0.455821082699542,3.05699115799271,87.3634246598879,15.0055770415947,-2.75663558290136,1.39375064750426,-9.39673650944809,-1.72807791787026,1.62180270296622,44.2926033125701,5.5489763839593,2.39353855382768,7.9620287221725,0.694664453162083,11.1216292208728,46.4009143542574,11.1728267544351,21.6227353123532,-1.96483620553055,2.40759664528988,-78.4668258822947,16.1306050287307,3.18589883686086,0.504977182627357,-3.18913484141999,12.5992932788473,-1.06086875219427,8.11244057945886
3,52.6850161839922,13.2688151553823,-2.22861160188746,48.0300375134372,8.35675541338532,2.89336479502564,4.41140077997275,55.1955496415044,-3.89985547247616,-17.4066641697198,1.23126236993895,12.87565293953,2.5837777437138,51.3825109060231,-1.71167638459422,-25.2574628848082,NA,32.3350106538526,-27.2226593786924,-34.7152635018773,10.1633231902936,-0.155200961306726,-20.7877168624549,19.6724735243645,3.81950602395146,11.7911752713203,19.155293171733,-19.9988715549173,-7.39813357665803
4,29.4608353577925,1.84955316305035,0.0683662499557425,44.0423475629017,18.5230056582586,41.7924544353909,42.0675521934787,7.24387211341343,16.8440179951028,-42.6231854949173,-8.21234833899425,23.1302681458749,46.4092152170634,22.4317228701324,1.24434745036922,17.5634347566564,29.4461265029529,20.0673834365926,12.9121989773817,14.1814249202646,29.4809894520436,-62.6480104652168,9.81423062601908,48.3352431714879,7.95711616262485,33.6484609889713,32.0377727035534,-16.9708605653808,59.2435294279698
5,27.3378876657431,-4.01786845804854,12.5041985960781,73.6708637074709,16.0174926668867,4.3209344581691,17.981330211185,20.2096580319164,17.7341534498929,67.7866102301891,2.25485606124417,15.2904634398087,10.4832386525445,13.7605611683631,11.8335663467709,-18.3676179851196,19.0658984920087,40.6574316508147,-2.5829125102409,5.09177148558308,34.486181473848,49.2881257485242,-3.43518232361753,27.3397205349544,-7.19844925549012,12.0081271893474,26.5403342815529,8.31865986631881,12.3261940816834
6,33.351817595252,12.3017039868956,14.0228462548398,70.1593691893885,25.6503383823837,33.3650998654087,26.1266584571719,33.2821230892035,4.69455468551325,-7.97214365794846,0.448866690423244,22.3852033050343,-17.9321459118416,44.500218592326,-24.8100624490624,23.4972122728406,-53.0437067082848,22.7889479391935,22.1061027239799,31.0782898016084,13.0321268276734,31.0441236465764,-0.976633749963694,22.7599371759437,10.5043781676009,2.62658159283822,36.5404421631102,-12.1481408181328,22.6842831963715
7,37.7854898399511,12.3043459393971,22.1571150239731,39.255592826134,20.2245585010707,5.81668335524148,20.4040326113039,50.1484172761737,13.9985331907502,-34.8389874608865,8.22754612085613,33.5328848419978,NA,21.4136469009501,9.44321852839701,31.549553797689,19.1822820297772,22.4858346331689,16.489525943011,37.2600036404778,20.4742007289928,66.6118022667453,23.3352321608997,29.2195952829909,-1.91460997023323,19.0898696172001,24.1978777088154,11.6521311555925,22.0835955021064
8,10.3487065924085,27.6685768320006,38.866376864068,49.9990622239002,24.0262168486609,13.0683480037947,58.0671250162697,16.6474572039442,-7.76659447700056,-32.5829528609123,30.4613273193632,19.5621209706972,NA,23.6688670403909,14.7302978983631,21.9822190636727,8.6375244710619,39.8742446793603,1.74218118277249,20.5454932093292,37.2462632270923,-48.8166081187724,15.4181203561956,63.9401766451058,3.36885699987315,30.8530892319276,22.4465071372494,-3.18304756912722,18.5132660016355
9,33.3158866446876,16.2414844898327,-4.8445355730447,57.3462915241859,17.6896298202101,29.6537976911433,31.9634235378592,37.7307107685498,44.8777450421208,10.3251692196996,41.7803205840745,53.0056564696334,42.101446295077,12.9944080574157,15.8543609160323,16.309461304002,38.4192003673773,37.3316410057895,25.919661351549,29.9433638645558,12.109952178483,-12.2992011652065,6.06125890822786,45.4465371279023,36.916846691513,26.7156227009737,29.4895327108836,16.6786494432621,31.7625863731156
10,26.8232515238106,13.6999237099672,9.91631882955856,68.199083706775,26.8970424333557,28.101554696799,20.5154092657068,13.9843103686719,10.8295977047011,40.4201955319875,10.6075435213146,17.6547270623614,25.1807398225988,19.5676020793878,26.7482064687052,13.9028874568817,6.87346898735017,19.9849623792712,40.8462930537138,31.9572716286696,15.77492086774,41.0223154684169,-1.28555920298828,17.2672942030753,-9.49105633503128,32.2637017027251,28.6698327739062,36.0423729384915,37.484185477103
11,26.2292741388416,15.4650460587781,16.5991482906066,52.7532617046906,20.9137581612607,30.3361548082706,41.5500754760573,32.9465676397478,27.7693103915435,10.4350034475241,33.6804586894769,20.9987713591121,28.9188462369084,27.1305850215113,28.1729400606317,11.2930900122506,28.6699199226567,23.8559569163921,19.8157510716419,17.1087292680445,30.8172471890266,-24.7102766106264,2.44872978918703,14.8273242526448,-6.13529105467204,-28.3963603833141,13.1863401700343,14.2246409965894,18.3874200203436
12,27.8598396000855,12.8354936619339,51.2967930288511,32.90615811634,25.2256258566568,37.3989655596747,26.5720698477165,32.104332509395,18.3697385547676,29.492475417943,42.4697734765479,20.9411873957354,38.402542205057,11.2419043758266,15.506463292903,16.9369893975723,31.0455381692208,45.4171636361607,5.9585696692834,33.2133396138907,33.1070588564728,94.2859113951356,1.64927099412251,26.2725746528428,4.14308790659082,45.331607056376,26.5847376357658,10.3641231974932,21.7176809592046
13,18.8873592157684,31.4453772314269,13.9326774664428,54.8033532087487,39.1230668234793,16.595697810238,33.4068853550905,14.7676360253694,43.6206434307718,-27.0318765903803,28.8275000567796,23.8757762114122,37.0453461377596,18.4148404667286,20.8003657793515,32.9474904081261,41.1749716101521,37.7551105429257,37.4625648608189,28.9052550147617,13.5193703239146,50.2712401696426,28.2051569464251,12.6434275824287,37.3745085520962,21.978910807671,39.9964496972054,21.0893696246242,20.5975114161494
14,31.0919877269217,12.6341658305218,-6.86172098027349,94.7995718119352,22.3323330545129,34.7481414026632,28.5628137608952,42.8005600736024,12.3368959371102,27.490429416839,32.0796709312031,39.0134202732835,38.0940060337418,10.8951128862437,17.9664104273393,11.0848831906349,32.188860833717,35.2846097229773,53.8285929501837,32.9196466356382,20.055280007757,-61.0945486846083,24.9062051432361,11.8823826269226,-2.35175659734741,25.1561783990398,28.1847410341185,11.2164903808888,24.7903514351177
15,26.9171414082902,34.0539465807824,5.88953409070611,40.6144986609154,24.7893011107007,22.2090613852858,26.4996611102385,30.0310521220079,19.648426655252,6.43435036418745,15.4474449841904,36.2023758180321,42.0971875193189,32.6177123521134,17.6992316917573,17.6093760509589,39.1130903883253,36.7957894009415,30.8281433415084,29.0460410471513,24.4584576302074,37.2972110548383,16.5869320416159,27.3317912859977,-11.5968339983882,23.1981644950305,14.2359299334284,36.634396222109,41.9686677009821
16,35.7842577926991,25.5205737464896,26.4204070683558,35.9933235132079,14.9717068624044,35.6981253256692,17.5293633921152,22.7675181985672,21.3983368659628,16.9287625446442,42.9094674191961,31.3794211077301,28.276797377781,12.4676505697238,15.8605891651478,43.1738730420084,25.2442890819403,20.9467414713431,-20.4172431165497,29.6105879264545,25.6752569293808,120.196089313819,25.4406873498742,-0.168500533685474,0.00430475996525104,7.49205647333807,26.8344685574999,24.4386998868879,23.0645332749502
17,37.3866432208813,29.4606946444892,14.7721170719518,51.0125003838178,22.5790216209429,28.4105562977096,29.1543492255767,37.9631593408994,8.85995431949206,12.6155035009875,28.7533399970301,40.3364203138689,45.4280544171588,16.4654818426613,9.19623862149214,20.1085213254844,30.010091764477,26.6675573825789,31.2328372446308,31.413579357909,25.4867156226265,-46.3970979221446,26.0554869092911,0.590954362678878,36.3039431460142,10.6389050309228,27.2009511485635,27.3031669910226,20.3613334100825
18,44.7974983720789,24.8917009382766,-3.82958421792951,51.9200575592236,16.8484328904185,15.3664080888169,36.872853827668,38.3013048180054,10.5856985965455,-7.67821218929902,11.094297164728,18.9332805553583,36.5860427585384,13.0136504902584,23.2427670227522,15.9660528742931,9.58656754336519,25.5966051500634,26.9504614906013,20.0217456833493,23.9477187097817,47.0517349649217,52.9574786873657,33.2366065431777,9.46642160749745,26.790296850803,28.0764066818819,22.8898584459226,14.918055751573
19,24.4603038054522,35.655807326867,8.5398697379368,42.6548162030068,30.0345750012691,25.6182783720237,52.5617917258812,28.3446434666621,32.1422438198235,17.989088459455,18.0182098332585,44.1861698222538,35.3062951048013,43.2044928298068,26.1194453195726,22.0594489343187,8.10462556542441,24.4549427451463,40.638427320621,32.6675513540689,14.0963304895619,3.56512123895319,8.0440593643844,7.36501096743649,22.6105263190659,14.3007957737895,25.2127292231135,29.8010106474238,26.139281606309
20,21.5932763725798,42.4925653532792,30.2523918219208,32.6488491872589,26.6517688213591,20.4080234622547,20.496286142519,30.6522679115586,33.2776062566554,24.5055279795352,31.6855380631383,29.793182820357,36.2494045553856,26.5769149618821,5.78209198210085,13.1437303850991,19.6056845840099,27.9576172244334,-5.96258718266778,32.5792218143958,17.8299912184249,43.9257028457082,35.1872829726574,21.6270475257918,27.6197985263375,8.20416212053782,29.2119628585276,31.8321533783113,8.74620587636374
21,33.5847830082029,15.9679242338661,11.7423255322508,50.7572699704088,19.2132465214677,25.4925667098105,24.5650625204046,25.7896388578499,35.4596408203218,4.62671655140303,25.4665585352283,41.2578633309664,15.3743290871587,26.3979772840786,6.27819551978748,14.4776073168569,44.4574381419687,38.8162092334458,47.7613325625378,22.7667551272479,39.8435054917368,47.7396698820494,43.6685011715878,-3.45887983230059,1.33654108722607,31.0992748909152,39.3308413014655,31.9989462823627,22.4404819274871
22,45.7506381083321,26.2722752588224,7.6010534238912,33.513686639599,37.5968018058952,29.6742020591363,45.2649012708693,30.039380285098,25.5704622382862,15.3979795902848,23.2338604348669,32.643016601673,25.9620782887117,30.6265211340742,26.1644485426639,28.7581879066076,32.6799798081184,28.5039332076396,46.1915665694009,32.6754247298312,33.0354172179033,4.79986191657501,34.2704336102498,7.76612560513114,38.0670077207164,29.2555164304973,35.3958196931276,36.3403432039664,17.0851402409656
23,35.7033693090267,17.5025631029689,32.7653125887146,59.6098536133688,23.9022060823599,22.9013594773896,30.1459070045701,23.3871888007424,19.8611433105724,15.6364127716978,33.8717782951573,32.9304616192103,28.7203468855328,21.3095459281223,22.6418634491383,17.4351677936981,26.4214719386062,40.5459539959538,50.6089772142064,34.0467858521564,18.2703297729551,16.5522018680481,16.5679820695962,35.6487465249732,29.3770588389566,22.2274351340097,37.4284084939184,9.62358315948378,27.1398700392671
24,20.2830400320376,19.1738184889136,10.6171831287079,29.8713001683938,8.2642987924323,40.0332946402741,14.8738625407851,44.9854581302432,28.9414061752471,29.7775914448722,40.8370049643435,36.6990837203678,52.1699554436941,39.5115167067347,14.4844983510357,17.9228943199905,8.86958931477804,30.2039499666404,25.1809894842952,24.9491538594745,32.6697199091579,-8.59658087436748,39.7224455122586,-4.2953989155421,43.3702514042571,31.1334254515248,22.8201448292144,32.1547115202825,40.4454258011382
25,29.1071263147892,29.4382478095829,13.9864465819114,28.2638101718884,23.7844079221845,30.7330211322426,32.5715200439146,21.4371313032023,45.8791270964739,26.5747514331819,24.5626524390727,39.247485342776,32.1170159417364,19.2884550588448,14.4614388772035,15.1781582960878,40.3755849286682,19.4779163510871,25.7091289386169,34.2904557541615,24.4445966440683,-17.4611232108008,45.0014414477767,33.8934797584644,4.06850384206995,25.5921113593897,37.1705906136025,39.254527453798,22.5810536623472
26,34.5590647100535,10.9117462448265,6.6391216801158,50.5993929428207,30.1293495999381,15.9929126467891,30.2981063091406,33.5589616848134,9.57407570804475,39.4732481090706,32.683260514643,32.8721152334194,20.0773781822719,29.5972199402809,14.3106775865025,13.4058991604479,37.1182945205879,12.946930503035,17.4425017843854,25.357845028705,25.7768762998784,57.7899001479357,22.2909762204613,31.3130591810699,14.285699775303,39.3476598112535,27.6959789608977,34.8268408369925,22.4582670367095
27,19.9485672817523,19.4100705532051,20.6132300916009,38.7340489288985,29.7635581919514,30.2288326129073,22.8912229983389,23.3301592059807,9.98209937848908,21.8552961188806,7.90367915973088,22.1541299714154,21.3591205552821,9.97123893468838,10.1884548940243,15.3336557589665,18.0905859356627,40.4448529773518,39.3715978953715,23.3819222525406,28.1389956694852,28.9277311958342,18.9406411215705,1.58420942364981,19.8083430468026,45.8117896217726,13.2946811874539,35.7531650876864,48.4463551219157
28,25.062970408768,17.1759584222537,0.86764086816012,42.7719585320234,32.4293554840741,37.8283828013726,18.5662519807859,28.7094502070517,18.8457127749534,16.5614024764738,29.8385240520582,30.364395086278,29.5513459905873,32.2778610843279,15.4768027934206,23.1851972270948,22.6536300953035,37.8173971489382,24.8606905514389,29.1732175329571,25.2456126932338,-17.4280657208707,26.1355566567675,14.0441771286482,37.3319534594959,22.736752832668,22.9645441656222,34.0640275651574,44.630547506162
29,19.6472436419126,19.341496837432,-11.4335330326534,60.5823219435675,18.2539217931206,27.4107727465264,38.3059769686386,26.8595243645426,13.2278265916209,3.7008456691002,13.4403852912483,28.2048179985204,43.6450658391088,5.85063687696883,14.864594022194,18.5139192014261,28.1139622938095,32.8416720759227,53.0340740059226,22.2144854559615,28.2127799091646,23.732111154096,31.8751668913532,23.3754726765485,16.0795816038004,45.2197882127602,26.5169786701588,36.3333765749858,23.2927838871674
30,37.1935725518723,16.7890188101911,6.91594818153601,44.9267617401688,22.6034095871602,15.177258129108,30.6347034570769,28.8387467096541,14.2229439808659,17.2725298750713,22.9864825074832,30.579419304636,41.8011381062369,28.5803572893602,10.436526059747,27.0485226735035,31.6681850688582,41.3413122184041,14.5747794021569,21.5543534302616,19.6241350866619,1.2428478916151,37.4569645618236,20.3215097914012,4.51953763618316,57.9466709935991,26.1650288088005,24.507629335439,18.2831250390176
31,33.3681175910451,18.2121955473768,0.2489198930204,58.4680374029282,26.3024501231605,36.8918841374662,24.1881573527699,36.5280264350707,11.960638551455,30.9585538227929,23.133770195637,31.6690761326062,26.1264293333443,30.3515156020903,26.5095786901049,37.1644623646253,11.278609084641,21.7804649195786,31.4055345050611,40.9316329956941,22.9053166880937,-13.2395454627296,13.6400454576253,37.3252906338844,21.3162441084805,21.6070470756757,31.2417826535373,35.6609616983861,18.4049251119957
32,31.0717686784413,27.5877818476336,2.10845726249907,28.9629079824392,22.7062994884126,21.8374251266728,36.4848253717023,21.3877261652629,12.301696311458,20.9218894879147,32.6199448961745,22.1639652612958,25.4149186387541,37.8433519501118,0.217010726595742,27.251911698263,38.1463911936721,27.41455431223,20.8223021423136,28.300451831518,42.0057585092668,20.0229118657694,47.955993117767,25.5371230190615,22.58604974413,31.856535227201,22.8937688060987,30.0649119377344,40.8796985544402
33,21.9619717881351,36.3775981150249,18.2176859941537,28.4885109021687,25.5000863250465,27.1486901921765,25.4186938294406,25.2831971450142,12.1186342351457,26.144922533229,35.3678484573528,33.6807785826715,46.8911900224871,13.493227853304,22.5605429145326,28.5169466896601,18.7534202513583,13.9051640637287,20.0947046022085,23.3714316722649,13.6937629787398,-27.7171955665216,29.257279045061,11.7963646264792,22.2913687965402,28.2624058871963,29.5344984176994,35.1736260250722,14.2449813044786
34,34.2049849659496,42.0595245402296,29.6067905845576,25.8737328551904,39.8042212214633,24.3960144038014,36.9093437920395,37.328996405202,2.2375630408822,14.8300832325602,19.5573276980546,23.86630241891,34.5479701132839,28.8951152323284,2.37989792867917,23.23632337405,54.2146718393232,32.337349779232,31.8832674416619,23.7500524728785,34.5229117706327,-13.0189370663336,32.7682616887381,4.22898881899233,23.7211364275199,8.80774208241713,27.6936140031984,28.7645432325318,15.209562567045
35,34.7024128700418,29.6102388024144,27.9107181854495,29.8590386703725,31.6100824409824,21.4571284092095,29.1669988772471,26.8923212877453,33.3152807042959,-23.0701319798185,39.5504588195835,13.5268301038835,34.8805020222098,30.1975543711304,24.2689725769312,25.5480161864252,13.2085326081724,28.4968878959449,30.7494688288468,17.359677000619,18.4685130770374,35.7137176770963,50.1998340664194,7.69311413319645,46.4814786785908,11.5549152178698,30.5193716278864,26.965482075554,42.6335631438127
36,51.3151803868311,23.2420009500351,10.7232493081585,37.3508887739073,16.3336173944605,41.60468999381,36.3615840638155,27.7026331033155,32.8054241054093,17.0310446216366,29.9270074246624,32.8008595139098,34.6825680211854,16.5402037058331,17.9412525127249,34.0032130423613,20.7886782350527,22.721277434153,28.0037700074098,23.7543150539865,24.6244685050966,23.6989313482495,11.5342886860567,27.9651697356241,-0.55740600642978,45.9911543577841,13.1109435572371,37.7701303611729,24.3178266053251
37,23.7733266763021,28.5065529609706,-4.16910704535403,29.6386076955001,26.2609225031091,33.2924142265304,36.2932304177629,35.0874048234021,46.3160268521777,21.6730835805806,33.7448926419049,28.136160735328,44.9880002143812,35.0975699216084,17.3627623792271,38.9465407939319,21.9929370360101,35.3464901682132,5.67927961118009,25.5143333087725,14.5024600256361,18.0266774305321,27.7801641141408,45.153895933719,26.3290418062849,30.6272261746225,28.6347919153715,43.5271040343377,22.0551218575435
38,49.2769245033957,15.7424428679158,2.40582819502249,48.1495639966965,28.6361903275456,21.9831624457146,36.5161787166386,30.6325016060736,11.3908671173384,18.6616492135063,25.0027623971556,7.8404661206348,19.6865235074185,9.4020987959412,-0.667045932788734,24.389183991845,56.0176118422616,24.5490358005303,40.2162362257202,19.3163671705238,22.0644698382447,24.13058694929,39.2309605771164,4.15973501652733,19.2783132368977,23.4941309988218,25.5414840785977,15.6699082993818,28.0772625408744
39,67.1401977529674,24.9177000579886,2.06618022137391,29.3990813515188,24.6014635112885,35.3763340869231,33.763510759343,21.6549879889617,20.0688035053474,26.502513924696,23.7013301149193,16.5207985341505,29.168741260165,42.0948664971148,8.30957981586644,17.0907442851357,30.793459200109,29.084045026219,40.077600289577,12.305189301299,27.673118787657,8.38998046542705,26.6352598774323,37.9949518172929,18.9114470415422,19.9594407433539,40.2678000463401,40.8098297889569,15.3801971382942
40,18.7110956575433,23.1865346847988,10.6317407809376,34.9012771674898,28.3427659807598,40.9065234122822,12.993885193704,33.0713840331319,22.6297437687036,25.1388811361321,34.6156438714625,24.1592518917416,38.282033366718,31.1008219434477,5.8608777409753,37.7837357348041,46.2646030570275,25.5481714887063,27.2609128266265,22.2735977131437,34.9446813310385,22.1081365958392,14.480386261905,42.793911272424,13.9439031495501,27.0380052904195,22.8029567052704,31.6246448814498,26.165068319804
41,47.6723759728593,20.2204697604965,16.4649101364277,35.8332205640447,23.397920299019,18.9355027301394,29.6126260733318,24.3740320159757,14.9126955888777,22.4668236250381,21.2862742495641,30.8093420539507,21.4475819138161,16.3617425831975,14.7513970759821,18.4746096977667,20.3322026412951,21.7223919498303,14.4759242855354,25.4835495027638,23.5097845347258,33.5382239407654,43.7918226874564,27.7151191738258,23.1796242309635,23.2389240422071,28.3142260635236,31.6509233620226,23.6537116496892
42,41.0827914190827,34.2090672737731,19.967720733614,32.7847828133628,37.1029845931792,12.0566323776749,39.5343021967762,31.2702162120752,14.8767250134643,9.19828086039983,21.1193699052362,-1.92423629291791,28.1367442901035,14.7484416454267,16.8334372104338,28.3873716623721,8.86202946659339,39.7342422150391,21.5102028354607,25.6472727522109,22.8374721415762,14.3082234451541,24.9373667941733,11.5409135606252,18.5728760203909,13.2074067669012,17.9341484789371,41.2896077525923,24.0298430958889
43,35.627708506398,32.030664624154,13.7761120605481,30.3289670830319,29.865782994519,21.6540400711417,46.0339509329619,31.2375095634974,12.3081215142125,33.4146930679023,38.2728126590873,23.3884013569894,33.6044184908646,21.1333521495021,13.1967467166667,14.0508600108575,6.07186008733804,22.4385789518833,24.9317098350972,32.0091477021916,19.3105063544057,30.5284514426312,19.6734397982634,27.3362610297112,17.2504454992119,27.3819474600942,31.5542615269763,37.6214844266598,21.6400810904909
44,14.7671401020211,25.2264046881687,8.79460285686417,40.7076239937288,12.9390286488743,24.2534700569844,23.4793440754823,30.364580535913,3.59810364628426,26.8446064936624,42.0339630903978,17.6079230862123,25.3294461619623,53.3256244635216,14.100265265343,5.61475574052483,42.8870680777024,29.1249420648442,19.5193995696553,28.9274349352836,15.2967887870221,3.00607833742246,36.0807734104846,30.8244330694784,17.7785537202376,17.2983041514465,22.0011611000022,31.5432055870717,28.6954451789582
45,34.1863579366008,7.51406808473597,6.6133474143391,22.3889352880873,26.3647631954703,29.1498879336418,13.7120850019773,35.0789330543414,34.618215025391,16.2967232676921,17.059619957404,31.5717613139128,21.5831314734558,34.8395107500893,9.94638633716316,17.2791850199612,32.535444717212,35.001151558392,33.0287755815349,25.677989191029,12.1066704887305,33.6968713134276,54.1322857738739,7.89251528068916,34.7760738625374,12.1488541058569,34.3788705403038,21.4287464035291,26.1076986244937
46,37.4343148471165,25.4754939702389,16.2698136600241,27.8003677066701,20.3382244443439,9.8962018111352,20.7898695732182,28.5850331723537,12.8627446959877,39.6016293317712,29.1789098761385,29.1399515080508,44.3569226664827,35.2003399607329,14.3070154758964,17.328594225329,28.8151032816853,12.2375157981483,46.4581724923347,26.4653999433968,19.4218884267666,19.7640328230232,28.0093391317706,27.3576243794941,80.1861550738969,15.5933545912661,38.504030250659,27.7921717474171,33.4881751985405
47,30.6814916121109,30.7910585120882,9.78566659369136,36.7101136675404,25.2368368414848,37.734328580431,21.213623130533,38.9298397204023,13.8547092075594,26.0548796317775,20.4841366309098,22.33946563243,22.9044542123419,11.3112216921426,22.1622939956878,13.2470564739823,9.26671917206518,10.4513892961387,26.6570740232097,29.621996209483,16.2642780247408,22.336635247662,17.3428615112254,-0.198070100521714,21.0145117792021,16.8989794280378,24.1346273617221,28.9881301986876,10.8384947793907
48,17.038650567987,29.4088744009364,43.8642987208393,53.5053711757664,28.1023174417428,22.4776532647938,42.487841851077,23.5277184074132,-5.62896251090771,25.7642940700116,4.91128990394017,7.0189596726959,15.5649809885657,31.9967016588562,19.2164485979828,25.818659886688,33.187880119481,25.3371759108024,22.1224698441481,24.0560780673374,28.3007565689003,1.82082127105055,44.9209297522954,20.5074603798346,41.1119391316455,46.0312040710013,11.4726362059046,28.3548676805375,36.6816540037584
49,33.5816115627162,22.2224189518641,43.3685174292287,40.7880579486726,22.4164369760589,36.3449839255068,42.0460859462278,30.5330337113633,-5.1496860012485,26.4471052933838,12.3056496259598,18.7411619373807,44.2342862202408,33.5980138769838,10.0157203017158,38.0910943056562,28.625601069154,28.020691475193,32.4719981778632,18.8967654108664,22.9294350130575,NA,17.7142930756266,11.086195087698,23.3818511481069,21.0326915146345,19.9133713521002,21.0051076417982,10.4688503749615
50,8.65329702257794,9.79972865032947,57.0321087097103,28.8666226835994,27.66073314163,35.6171891981009,41.3932480621724,34.0979227488339,0.799640380914423,-0.686570037838382,45.4109506329876,45.3514541051078,23.4904575907462,43.7811671761821,33.1545012350929,32.4874831617006,22.0709710033685,40.6295394828565,11.3748484912751,6.89669834982333,25.9751105582722,21.7895094704732,28.7207678818198,17.8621852778063,6.34659394441254,38.2097883964914,22.8388246865079,24.1472296259703,21.6393635447068
51,33.883741369732,40.6395934744477,13.4253163101677,26.6525069483675,10.096508645363,25.2498893143368,22.2125847403971,25.0293877473169,8.08591694317338,21.0126406740989,35.3213340985292,37.9000935764485,28.2529117022218,29.2852071366513,19.0506400944728,29.6317179109272,11.7431631673238,22.7514428700818,23.0704430786941,22.0919818939324,44.2891350575849,31.1376761279909,43.6794842836714,28.9978089419397,23.1734283547146,18.04334939181,30.7124656870073,16.321091862219,42.8961610372796
52,34.2030233285378,23.9530619824993,5.23772053675531,20.615272658159,12.2215912042904,18.3830265266933,33.6412952664203,21.5183894539856,6.51993592230029,22.542658479036,31.2010643767208,23.3936232361758,35.8940168121466,42.4743419215453,29.4268667680865,22.487622434306,5.46858855687964,27.6298170883959,45.855040624255,31.3975045004176,44.8791701459083,9.93482220546658,52.0153795516926,26.2540085285447,15.8161167800251,55.7996922700042,25.0610998036202,41.7054430965166,9.11379322965046
53,24.3090240970528,28.4393339186671,4.35386488109492,31.2732419284445,32.813250159703,35.1216038960281,43.7193294244206,22.1272761963602,34.5814654451677,21.5115936108616,30.2648340744821,20.3109572328034,20.8363488302269,25.1503488727689,22.8050578697009,36.6628439775286,43.8582264472203,51.4103212724985,23.3485026059308,22.5094755058862,20.3079036963402,15.6638440121833,26.0365408391565,8.7079984414261,8.37983542360548,28.7212470117313,28.0113097017269,32.6160828291074,29.0731428951116
54,31.2802872848405,13.6585002492442,35.0853487800124,40.8374607407338,32.6811160328549,17.6665597014903,30.9344694338246,24.903702092253,11.4557051880274,19.7437044101467,22.1673705774375,32.1750144218431,27.4560194564737,43.5744529440932,1.66036820811154,23.7924188012577,10.7616400764898,14.2056178905204,24.5260082051801,24.552101151252,16.8847067874163,29.2086149210536,16.7590763908757,19.908398205767,12.8992124726675,26.9906036543791,32.2866692970673,40.0106166227951,22.9250537506098
55,18.5962883499895,30.052864692769,33.4813269858176,38.028986076341,25.5305289073291,27.6350081640526,31.0227612384919,33.1786396288792,0.532248841417029,10.9044494811067,28.4102950307418,23.1875341195538,49.9771079435441,32.4966111119064,24.8302273264947,11.5787742157908,18.7672375989616,23.8237078630203,26.6309491696623,28.6665345851746,20.2431477781173,25.4237253687616,10.5710863993843,-2.85760241721767,4.10660078786123,37.0613716982256,36.5099859691145,33.5234056715255,22.7190500116691
56,48.871644657863,31.3759021975842,24.3595729591649,34.8232514724541,11.9040382573045,5.74410569359245,21.7736043845796,27.6176487885579,-0.381418790188369,18.5002064782568,40.2758775143937,38.4071703092392,28.2435053564065,27.5148249065019,14.5634496149683,36.054083551912,29.3376788276301,30.7047415935591,22.8966637822041,7.21239722692352,19.6823581717035,23.6912705566127,40.8395780245528,2.14121781639885,16.1876574031293,40.9799979075118,19.5589857262525,30.1818226982199,28.6047704744615
57,36.7400681978667,21.2659565722334,25.6479811367599,32.7582620317208,28.6352809535909,34.2488426272917,44.5956172358755,27.4019592830619,-4.00248390794532,21.8124389632461,16.437338857627,47.3550481059601,40.8054595536986,12.6317837404026,14.9163194151364,34.2149345573639,40.5529077718167,27.9245576073501,35.0986560075427,21.8288656843868,31.2906655614706,47.1425271300674,28.4445720064859,3.94933184331521,21.1525807898557,17.9025553823897,32.1079952449975,28.7057121372768,45.927084304167
58,36.5934272474266,22.7407533401717,35.1839221167229,31.1388927123602,18.5234132531277,41.629447855856,67.2212759820427,28.6460763017751,-10.8046531189085,17.8204415881765,23.5449643119947,27.8478907991873,35.2277831742499,24.9929992558316,9.78678942054776,24.8145529899,25.8670222220293,20.2986037153856,27.1125752306921,18.6764759677166,32.3742448330116,11.8742359808122,49.6833545327014,17.2675600597123,34.0737153380675,29.0083620801598,33.3953839063017,35.6052952381945,21.37071870936
59,23.5495287279677,12.750572274584,26.9341826323718,29.0339776933111,18.6208131135598,24.8144592271525,46.9792229899631,33.6221185240213,-0.925468764962151,8.72238347275962,38.5318071446334,28.2343527235524,26.8417794403664,31.0203313195365,1.17556651264753,36.4604312057655,30.0821634304879,33.8974697350206,28.9905927786411,21.2136939597763,21.2204595849545,15.3431548383775,28.483478757195,-12.2319741795522,7.55510350540538,25.2264514048918,25.4374752978882,36.8662752509771,47.5579243908517
60,36.7989777919678,19.8181029970177,49.9353299666016,29.8065939505624,29.8399034638992,4.45016406625687,19.3281893449405,25.3457187216753,-1.67565517777169,21.0600842662879,36.2709340167074,21.0912620824217,34.3778875310991,14.0643360164442,22.794597210386,16.1990633589536,45.0214477338342,22.5633045296001,28.5385099655359,18.1545098199787,21.7228255762549,15.3901704102083,22.282459323649,29.2763179802856,24.6452829749335,19.5981046946009,32.5577467736308,18.266281574295,13.4246342915846
61,41.6151205711942,26.6187322072401,33.5684358769734,28.6198991215065,41.54381767405,37.2918889500336,35.8465153469741,23.4586371152975,5.31851217416491,21.4019442216087,39.8290457966243,36.372689653707,30.4367682442361,32.7649413808037,25.2423899050856,29.2385024789095,31.4643216179307,26.3005110016515,20.5742157932245,15.6641224589412,19.7018197259637,33.7180912380197,53.1897271583031,27.5014287452946,14.1124869484314,34.7757944136443,34.6855981005169,39.6171100072052,18.7081411478294
62,44.5883202057166,17.1440901507092,17.7026796591699,36.2379970705819,28.105723656876,4.42411100018181,15.4470238556827,41.4333402231915,-2.53300604784129,0.754083152944805,34.1793700639275,27.9858314682272,40.6199613213413,32.3754603924646,10.3953947916379,14.6593392041044,17.7303396077487,10.9304757764818,20.1761183724689,40.075605818521,23.6119277783535,12.8600121940578,10.0229418875269,11.416823714959,28.9584119234804,20.7870174058732,31.0412072662982,18.5513221644359,22.1582730789219
63,33.6868502427886,15.8982610501207,24.1973831886652,26.4425454579618,28.163736256646,19.9508054291807,34.899764327209,22.8320642915792,-13.3931479146722,15.0550230086007,27.4451184632783,29.9006783142393,29.5296716513038,24.1365566388838,17.7314912217335,32.8320200261081,24.4222218593705,32.1739342456404,30.5693901295671,18.2244557002868,31.4480985356565,33.3998345317137,32.5375107003745,43.7844751127522,40.0805698732482,18.4155027790421,19.6284118637763,34.6161487264495,16.0597001396339
64,45.9269000989848,25.9954843366326,3.56564162313421,19.4343833621223,21.352927575842,13.0867114012782,37.3129730994083,33.4166483374573,-1.38054233140398,16.3595861444626,26.8469404831528,23.8233134947915,20.3179252244751,26.1155640936767,27.8308863661702,31.6022130860967,37.0451178244828,30.3856750388131,16.4404730362219,28.8788579534598,22.7691339374467,26.7094613685783,54.8538093634135,11.5491063046729,31.1238148816336,36.2659395984606,22.5123119250223,27.7350390632647,24.1246447267561
65,27.9744797956654,28.7861515061354,18.758470900127,36.0540959772806,29.5597134184395,21.7033672100463,46.9954058228033,38.3183072714047,9.33909540257615,17.3664653904327,33.062513543797,25.9805847772829,38.4133680897586,33.1927501512154,32.3547990559292,28.4120872746033,30.6294245816714,32.5111404257138,19.2732456560822,25.4551110735305,16.2845952879059,32.0571581087174,29.875544839827,25.600221639061,22.5651515568717,29.1348584536177,20.0137255646061,15.1581667316861,15.3084866837404
66,29.7396512876227,18.5090564295472,25.6727441519378,35.1487057135584,31.5691562862745,30.5850141438324,33.2376051440988,21.2852290892081,33.2322736176771,10.0286771871565,30.6970425243449,12.3030514632862,33.5264385379517,21.3961670033825,1.41480170862003,22.1619674629255,7.85752902346706,24.2561714114759,15.5361162806533,11.8672330530535,25.0086650487339,15.1902388676719,25.9145183866051,6.71167344893492,17.0925895429426,20.6748165949513,21.8796958342313,48.7513884458918,19.0571952641854
67,18.1633966187771,27.7085375727897,29.7445380867859,23.9610557677919,31.7343375506867,8.84774279197131,20.387921782025,25.9302651311216,10.9317072703269,8.92381010098681,41.2054514728443,31.9568407480644,39.7137811763096,16.2182744613771,21.4522813388003,32.4630119825481,26.9828166314755,10.0140915287734,30.3866624219883,24.9789145765659,35.7632891388605,33.618572602039,48.4787945647128,23.6987075417941,26.1757046350744,23.4765680420631,15.9403374828657,32.7420910280445,28.9990143642626
68,36.8595761260941,12.2533418771857,0.910506749032657,37.5968386850928,26.7434895147819,27.2651833842848,19.9957379531141,34.8599287402087,13.2826803771691,18.31703727397,13.7185427283609,16.1564147204997,38.1967049013242,19.8631593125865,6.19057219558657,23.4180921964026,49.0871640787057,32.6158396398028,29.0655676539663,14.0938574695727,15.6103572964975,41.4734795671464,25.6052317029817,30.9963728245134,9.69500980363361,26.1163021291794,31.1466492939559,29.5583405137086,22.8677163943112
69,49.0329962529327,28.5340379329502,25.8879826831859,57.8561528224553,28.1166181393474,38.620658524494,45.1391854215587,29.8615554603703,40.733460049504,25.8982750507506,35.2328613453616,38.2541874271308,19.4812695724753,35.8382361788462,23.4532908919264,32.9652541544354,32.6743208707686,45.4846706371863,33.4886522785477,23.0138285685382,25.5256074936072,17.8179607308033,16.5248655388947,-8.4538302218884,22.8574703894947,13.5321667169856,33.5535824136354,40.8295821467059,13.6130114490153
70,10.7043057710505,25.9424119219807,1.00331141570373,41.2798924936439,26.0157094284267,24.1599341937652,37.7369012133231,19.6087304558812,41.7376381703381,32.8278396241475,22.5226632520744,15.2929052541702,26.9780559487855,27.2770665501759,18.7618176998255,21.8400627248707,7.41125587000733,54.4092300713401,17.7582186164941,17.2500219859091,46.7153408813896,17.9012993591074,32.8259192174526,22.2629799480907,17.4429826183155,36.3377972241465,22.2352454569609,18.089281214823,19.4118491548236
71,47.0034343181231,38.2582884606407,22.4908357454823,34.0021338390463,40.7223045843868,22.1134534999405,41.8435553201116,28.1920741697259,4.81916484702529,12.9792002996281,30.500907460997,34.5349765516462,15.1271177478932,15.508855942066,25.5493396952591,26.8792072686139,39.4075714380311,46.4784641005649,8.30760270029462,37.3494622672281,18.393378029531,39.1288692753425,4.83942887929396,35.4400942043668,15.3511765987183,20.0208242864007,25.1380642190334,43.426912306445,13.4609617764255
72,34.2874072770275,40.4849793957758,29.3470743705284,24.3126696694132,28.1589458313961,39.0262938017327,3.7071060559248,27.9327602265571,-1.0730171988558,29.460860926187,35.9092367775024,31.9728748730993,38.4423543023862,47.7893453480887,35.2496111820943,20.09831647088,29.6574788406466,7.41118974397442,20.4341902842691,15.3095476363871,16.7193295557326,29.7157024342646,36.6748289170764,25.7544803594607,17.2932716361313,6.80481365858768,32.008895224116,31.2324114928077,16.871115881349
73,27.9561039418984,39.8812880302146,24.9615556014107,34.5609188022277,23.7371246386996,24.0198595928457,37.7007212676098,16.5063539175753,40.5477156903314,14.752624352228,21.6586400576921,13.9373119191201,29.1134186462044,27.572543600834,19.3751794957967,20.0523999581719,38.0513167268382,13.71693673776,42.14291804686,19.4876134055752,31.5799794456384,27.0171534914042,23.2922010142143,29.4863572048527,8.07002311604614,26.120110542656,31.768051574695,14.1144063249202,23.777717853795
74,40.5236743062506,30.3125598795977,32.9195439577986,32.161726811862,16.9476732773727,28.9333090304616,12.3190166517042,35.7703876598154,3.57029698576813,0.733560962763007,31.8093775447719,13.2901003915596,26.2681203731173,35.1851481294211,4.12471530929825,31.3688230200484,11.1620676400472,14.1838143211173,22.3912858985175,14.9424375717117,35.1875422000072,30.2158161700314,42.0572817208548,35.8523895358459,40.5653167628061,19.2895367225003,33.4680168578432,18.6615647847845,21.4776881553067
75,30.5290068460349,51.3259021306032,19.9067940857202,25.3242771928207,16.0262761459885,29.9453239279348,37.9166175423295,23.2984942581456,8.2463485477769,30.189527886753,39.4495213139892,30.3777752277084,35.282618458826,14.8256870695573,27.650252259482,29.6873381196915,51.4960287897355,25.3421188308742,13.1987448208598,31.8483928218232,28.275542184267,9.23300971831642,11.0460358393315,33.1463056551622,70.7617228879014,28.0023238152982,27.6903254294572,30.1899392588952,40.9512336727982
76,24.0575416881477,28.6933579303222,22.1927934935349,26.6869015653752,25.5438259493444,19.3900031947117,25.4875469557043,27.2319644067099,12.4025921746375,19.8702172146457,39.0820229189216,31.0066989673425,15.5204544417628,38.5203641290165,23.3479406600765,30.9931370543275,32.0835641298114,22.2647603181992,30.574743321522,6.90656257734576,14.672370854657,32.2849336493673,23.3145683711765,29.1107663144785,30.5651607072946,15.867731565714,22.6466524817071,35.0189627213004,14.4283149557967
77,22.8608540607936,43.2135390516776,22.0881876685144,32.0005371951299,37.0781242291037,47.508451169329,13.315299767575,34.5089329126909,36.9514309587261,-12.3947649715469,21.3478200488417,29.4663244432496,19.8810638089747,27.9831546766849,13.7630214919296,32.7870958531669,36.5166012499982,17.8530306905788,14.2266574055671,22.2876139940847,33.9152606172007,49.1857929880381,40.5711472231535,7.88102213929775,22.6157767196436,17.8674941492382,25.6539457927892,39.7093684016742,23.6998701481858
78,34.0535862856288,18.3407612518794,9.58486806615589,32.9890789638062,26.1160157199687,25.6591355033982,17.8562353524837,18.3730265361458,6.67686864531476,38.3502501809144,37.141159318705,15.2795592947361,36.6122353455736,31.0341808192215,25.9142353124403,33.3199200277445,16.6728895404656,24.1139471545162,38.1158198153275,18.6813223061986,24.6454970095706,35.5549012446846,31.807242569505,41.0988757287381,38.8635358094469,28.0492459912349,35.7574038047184,77.7930373855175,18.0656733669272
79,19.0561035207744,15.7942062303371,11.1814333712492,25.9847187932805,26.3980502304975,38.0927280981179,37.4061810578361,29.3984209845541,25.3035838046304,24.5126914131454,23.534544775022,32.3056259138512,17.2541115518118,25.0315452165713,16.0527479445422,39.2163682816403,43.4395080857452,36.410950376761,45.4369800598127,33.8605317479492,28.0364970588181,27.9316370232593,12.3212411830085,25.0959810086102,35.3350238021663,27.4574909839275,31.0074441735888,29.1903665517986,24.7537634672694
80,34.3271468358721,18.5778901846431,13.1971215385269,41.8132310404201,24.1375858115843,12.1692517323322,31.9621099975035,27.3002627154132,18.4237030387606,21.3299728430126,41.8545940625104,32.3414382871868,35.3771200036029,29.0618730767463,26.1228523013071,26.230942620709,37.1045240234853,24.4950405958912,19.9224027852488,20.2052151390559,19.5359407912632,17.3709002286872,24.5456575597482,24.7880620909984,43.3874173351261,26.105486944752,24.2568208034384,29.6705827661577,25.8955421152699
81,28.5978681043628,28.5016933925769,15.5572678065056,37.7209067253588,33.3072868790847,11.8607550255879,6.47964452268104,23.7120153139522,8.44011310510985,28.4996243318073,31.4637044386223,12.560961536281,38.8565529743003,34.1694957541374,7.87565512325451,16.5605762721615,22.6606602403602,39.7652966699911,41.8585886629657,25.6279817407096,35.8185103870612,22.0787048454313,52.0111464109777,14.4952026068284,24.6174008015252,27.4875499936338,30.5306630370795,41.9909494549801,22.6875123657546
82,41.0218169910736,32.5774153897763,5.85129563530517,23.9801197627892,34.6379329811332,30.6228822218819,39.3679204668816,29.0110431829274,7.71925491338647,20.8840538399457,37.4733812334974,26.5394341068926,28.7308926101465,33.7100243031415,17.5773159896522,17.1662643717196,37.8297677338579,30.9264187067126,16.9081315324271,25.8648724634876,45.5199873808616,29.9048368410474,3.65628095473098,2.27957161936824,9.82542636340029,36.9120091701276,30.406887271335,29.8574940393466,24.5130802689492
83,20.7238366954137,26.4096820844876,12.0121428048271,26.3648939351352,23.4014527858608,48.7011496463573,23.1379944923802,25.5492931667526,17.3779785998266,31.9518941369575,20.278472625626,42.6105204845504,31.8416229451483,25.0957433243272,33.8654459698826,0.956269258139829,32.0041062243119,31.0461696326437,24.1842280452762,39.2474571741364,25.1949246867117,25.6928862606121,42.6622011270207,-3.63122342185777,16.9826210806204,21.0674735985109,21.5446481488805,28.9310659088836,17.6127346199042
84,20.3085583543164,33.9791238467606,18.1712214150642,34.0411580952456,22.83925630072,23.2208547365325,29.2728207602408,23.3657228470472,26.357932517374,30.5875453066705,41.2082768445997,15.9208499818292,47.7373254334944,38.1982970127372,16.68137786955,8.75150765401811,17.7303952957188,23.0371918546645,20.24088060083,29.2518915956394,9.80401939279092,20.66254573087,48.7057437052863,31.0423272327704,43.035345801268,48.8669951627045,35.9880950472532,31.2771948949404,16.8499990552439
85,39.6985284750686,25.8625291700475,18.7150633949987,29.0034717054675,21.9319154211408,33.2365619592871,32.0947369456952,20.535395741012,31.3547089285596,5.48225890577911,33.5029328951566,12.4320306253076,28.6300144069508,30.4358878265775,15.5763639237432,40.4035463796795,43.1489275970897,27.9852789870184,32.7486714541539,14.3151492685374,32.7724680607788,29.0936090832137,25.4562537608723,27.7507423831416,23.4888220299941,28.5878345057473,33.0890243089291,25.9616572541897,15.0783113803975
86,54.590298294237,26.2940771622603,21.6118940214331,56.9792796076837,20.5398235560924,36.2616680260322,24.5772903249006,36.8175372972436,30.5356249503057,29.3195989510578,39.4711950950331,6.18169804399435,26.8402943616908,32.146584575707,9.73609183352313,44.7391498143676,30.599370091892,38.3787237342547,24.6935659769913,26.5591010451695,27.9221025725458,33.5479576865911,15.5613383185268,32.0564348365516,29.1782397984847,30.130728803244,37.1994885680852,16.8603602835004,30.0001385710866
87,25.6183806821538,24.6761878027145,20.3476163786736,26.5737689167067,18.7822583229455,19.1898574694232,19.1468230841085,31.8775298383199,-6.92594383054348,23.7037575067339,21.8727631325991,33.1714648985779,38.8584141952212,31.5020340218338,21.4963218314968,22.6995785217347,8.91454678136784,49.4463865151671,27.7852005904974,16.1233341451487,35.6775895131267,31.851508830366,47.8733023575359,8.51191964102338,27.1762053649416,5.98021743509375,32.8022310204119,39.2533988928428,14.9558832540082
88,37.8828691028027,25.9323213291789,20.5571085562325,33.9390515222088,24.8817112917213,13.2241669303048,36.1681013031366,39.6090250473494,39.5274290934175,27.4608640290647,26.2819846584562,37.7105505783518,43.264215811117,25.2265751880178,23.6469442352094,42.0819966337851,33.2644097011527,35.3915030260659,27.7134003302609,32.7803864065933,48.8741721751842,31.9492077888275,36.4434653774405,36.7237601146838,36.8013340909615,24.9162297395359,24.8765557526562,28.884789467913,21.9192507774078
89,25.2519969948739,27.9871646967352,8.60212340678215,23.4051219719246,26.9037492659773,24.0548403675456,45.6889634265345,30.576943210176,7.78384779168627,32.3571888231564,44.5820909626287,33.3612942696026,33.1226971448667,25.70872423604,37.4684476186268,22.6993236483633,22.0171660613955,34.0071968266442,7.78301839717913,9.27136935669757,25.9286656116637,22.6047934489126,33.3065643690984,36.7481560540853,40.6634800875464,16.8120759623377,16.453127398987,30.7241656842656,32.8250559940021
90,26.5837095123378,43.7005944961945,12.2051282601777,27.8261664227712,15.9394361888429,36.4851017549262,37.0586459139429,40.2642640596084,40.4576643435156,16.9819302501684,9.80977758335401,18.4414494642324,44.2780294920199,40.5834347036842,-7.16536800658481,28.9257231260415,9.72726695641319,35.0717535748928,35.1055738306856,20.6622607080479,34.4147621962984,19.5788760511518,20.1573699929355,0.132278734055344,23.0632340676564,18.5211842073866,39.563439386598,29.3595968935548,19.1052085233219
